Date,200DMA,pct_from_200DMA,Qtr_Returns,dividends
2025-06-04,,,,
2025-06-05,,,,
2025-06-06,,,,
2025-06-09,,,,
2025-06-10,,,,
2025-06-11,,,,
2025-06-12,,,,
2025-06-13,,,,
2025-06-16,,,,
2025-06-17,,,,
2025-06-18,,,,
2025-06-20,,,-4.7,1.761
2025-06-23,,,,
2025-06-24,,,,
2025-06-25,,,,
2025-06-26,,,,
2025-06-27,,,,
2025-06-30,,,,
2025-07-01,,,,
2025-07-02,,,,
2025-07-03,,,,
2025-07-07,,,,
2025-07-08,,,,
2025-07-09,,,,
2025-07-10,,,,
2025-07-11,,,,
2025-07-14,,,,
2025-07-15,,,,
2025-07-16,,,,
2025-07-17,,,,
2025-07-18,,,,
2025-07-21,,,,
2025-07-22,,,,
2025-07-23,,,,
2025-07-24,,,,
2025-07-25,,,,
2025-07-28,,,,
2025-07-29,,,,
2025-07-30,,,,
2025-07-31,,,,
2025-08-01,,,,
2025-08-04,,,,
2025-08-05,,,,
2025-08-06,,,,
2025-08-07,,,,
2025-08-08,,,,
2025-08-11,,,,
2025-08-12,,,,
2025-08-13,,,,
2025-08-14,,,,
2025-08-15,,,,
2025-08-18,,,,
2025-08-19,,,,
2025-08-20,,,,
2025-08-21,,,,
2025-08-22,,,,
2025-08-25,,,,
2025-08-26,,,,
2025-08-27,,,,
2025-08-28,,,,
2025-08-29,,,,
2025-09-02,,,,
2025-09-03,,,,
2025-09-04,,,,
2025-09-05,,,,
2025-09-08,,,,
2025-09-09,,,,
2025-09-10,,,,
2025-09-11,,,,
2025-09-12,,,,
2025-09-15,,,,
2025-09-16,,,,
2025-09-17,,,,
2025-09-18,,,,
2025-09-19,,,-4.7,1.831
2025-09-22,,,,
2025-09-23,,,,
2025-09-24,,,,
2025-09-25,,,,
2025-09-26,,,,
2025-09-29,,,,
2025-09-30,,,,
2025-10-01,,,,
2025-10-02,,,,
2025-10-03,,,,
2025-10-06,,,,
2025-10-07,,,,
2025-10-08,,,,
2025-10-09,,,,
2025-10-10,,,,
2025-10-13,,,,
2025-10-14,,,,
2025-10-15,,,,
2025-10-16,,,,
2025-10-17,,,,
2025-10-20,,,,
2025-10-21,,,,
2025-10-22,,,,
2025-10-23,,,,
2025-10-24,,,,
2025-10-27,,,,
2025-10-28,,,,
2025-10-29,,,,
2025-10-30,,,,
2025-10-31,,,,
2025-11-03,,,,
2025-11-04,,,,
2025-11-05,,,,
2025-11-06,,,,
2025-11-07,,,,
2025-11-10,,,,
2025-11-11,,,,
2025-11-12,,,,
2025-11-13,,,,
2025-11-14,,,,
2025-11-17,,,,
2025-11-18,,,,
2025-11-19,,,,
2025-11-20,,,,
2025-11-21,,,,
2025-11-24,,,,
2025-11-25,,,,
2025-11-26,,,,
2025-11-28,,,,
2025-12-01,,,,
2025-12-02,,,,
2025-12-03,,,,
2025-12-04,,,,
2025-12-05,,,,
2025-12-08,,,,
2025-12-09,,,,
2025-12-10,,,,
2025-12-11,,,,
2025-12-12,,,,
2025-12-15,,,,
2025-12-16,,,,
2025-12-17,,,,
2025-12-18,,,,
2025-12-19,,,-4.7,1.993
2025-12-22,,,,
2025-12-23,,,,
2025-12-24,,,,
2025-12-26,,,,
2025-12-29,,,,
2025-12-30,,,,
2025-12-31,,,,
2026-01-02,,,,
2026-01-05,,,,
2026-01-06,,,,
2026-01-07,,,,
2026-01-08,,,,
2026-01-09,,,,
2026-01-12,,,,
2026-01-13,,,,
2026-01-14,,,,
2026-01-15,,,,
2026-01-16,,,,
2026-01-20,,,,
2026-01-21,,,,
2026-01-22,,,,
2026-01-23,,,,
2026-01-26,,,,
2026-01-27,,,,
2026-01-28,,,,
2026-01-29,,,,
2026-01-30,,,,
2026-02-02,,,,
2026-02-03,,,,
2026-02-04,,,,
2026-02-05,,,,
2026-02-06,,,,
2026-02-09,,,,
2026-02-10,,,,
2026-02-11,,,,
2026-02-12,,,,
2026-02-13,,,,
2026-02-17,,,,
2026-02-18,,,,
2026-02-19,,,,
2026-02-20,,,,
2026-02-23,,,,
2026-02-24,,,,
2026-02-25,,,,
2026-02-26,,,,
2026-02-27,,,,
2026-03-02,,,,
2026-03-03,,,,
2026-03-04,,,,
2026-03-05,,,,
2026-03-06,,,,
2026-03-09,,,,
2026-03-10,,,,
2026-03-11,,,,
2026-03-12,,,,
2026-03-13,,,,
2026-03-16,,,,
2026-03-17,,,,
2026-03-18,,,,
2026-03-19,,,,
2026-03-20,660.36,-1.79,-4.7,1.797
2026-03-23,660.66,-0.8,,
2026-03-24,660.96,-1.18,,
2026-03-25,661.25,-0.67,,
2026-03-26,661.48,-2.48,,
2026-03-27,661.63,-4.16,,
2026-03-30,661.79,-4.51,,
2026-03-31,662.02,-1.76,,
2026-04-01,662.31,-1.07,,
2026-04-02,662.58,-1.02,,
2026-04-06,662.88,-0.6,,
2026-04-07,663.19,-0.6,,
2026-04-08,663.6,1.87,,
2026-04-09,664.0,2.4,,
2026-04-10,664.36,2.27,,
2026-04-13,664.76,3.21,,
2026-04-14,665.17,4.4,,
2026-04-15,665.6,5.16,,
2026-04-16,666.01,5.35,,
2026-04-17,666.48,6.55,,
2026-04-20,666.92,6.27,,
2026-04-21,667.31,5.51,,
2026-04-22,667.76,6.51,,
2026-04-23,668.21,6.02,,
2026-04-24,668.65,6.77,,
2026-04-27,669.1,6.89,,
2026-04-28,669.54,6.3,,
2026-04-29,669.98,6.21,,
2026-04-30,670.46,7.19,,
2026-05-01,670.94,7.41,,
2026-05-04,671.39,6.94,,
2026-05-05,671.87,7.72,,
2026-05-06,672.4,9.14,,
2026-05-07,672.91,8.72,,
2026-05-08,673.43,9.53,,
2026-05-11,673.95,9.7,,
2026-05-12,674.46,9.45,,
2026-05-13,674.98,9.97,,
2026-05-14,675.55,10.75,,
2026-05-15,676.07,9.33,,
2026-05-18,676.6,9.17,,
2026-05-19,677.16,8.35,,
2026-05-20,677.71,9.37,,
2026-05-21,678.29,9.5,,
2026-05-22,678.85,9.84,,
2026-05-26,679.44,10.47,,
2026-05-27,680.01,10.36,,
2026-05-28,680.6,10.87,,
2026-05-29,681.17,11.06,,
2026-06-01,681.74,11.27,,
2026-06-02,682.31,11.32,,
2026-06-03,682.87,10.45,,
2026-06-04,683.42,10.27,,
