date,SPY_close,SMA200,daily_ret,equity,pct_from_sma200,w_long,w_safe,w_other,TQQQ_value,SPY_value
2022-01-04,477.55,438.07,-0.0000,10000.00,9.01,0.00,0.00,0.00,0.00,0.00
2022-01-05,468.38,438.46,-0.0920,9080.13,6.82,1.00,0.00,0.00,0.00,0.00
2022-01-06,467.94,438.86,-0.0027,9055.20,6.63,1.00,0.00,0.00,0.00,0.00
2022-01-07,466.09,439.24,-0.0327,8759.12,6.11,1.00,0.00,0.00,0.00,0.00
2022-01-10,465.51,439.59,0.0037,8791.35,5.90,1.00,0.00,0.00,0.00,0.00
2022-01-11,469.75,439.96,0.0440,9178.02,6.77,1.00,0.00,0.00,0.00,0.00
2022-01-12,471.02,440.34,0.0114,9282.59,6.97,1.00,0.00,0.00,0.00,0.00
2022-01-13,464.53,440.68,-0.0726,8608.95,5.41,1.00,0.00,0.00,0.00,0.00
2022-01-14,464.72,441.00,0.0151,8739.06,5.38,1.00,0.00,0.00,0.00,0.00
2022-01-18,456.49,441.26,-0.0721,8109.19,3.45,1.00,0.00,0.00,0.00,0.00
2022-01-19,451.75,441.48,-0.0348,7827.09,2.33,1.00,0.00,0.00,0.00,0.00
2022-01-20,446.75,441.68,-0.0387,7524.32,1.15,1.00,0.00,0.00,0.00,0.00
2022-01-21,437.98,441.83,-0.0842,6890.81,-0.87,1.00,0.00,0.00,0.00,0.00
2022-01-24,439.84,441.97,0.0042,6920.07,-0.48,0.00,1.00,0.00,0.00,6920.07
2022-01-25,434.47,442.09,-0.0122,6835.59,-1.72,0.00,1.00,0.00,0.00,6835.59
2022-01-26,433.38,442.19,-0.0025,6818.44,-1.99,0.00,1.00,0.00,0.00,6818.44
2022-01-27,431.24,442.29,-0.0049,6784.77,-2.50,0.00,1.00,0.00,0.00,6784.77
2022-01-28,441.95,442.42,0.0248,6953.27,-0.11,0.00,1.00,0.00,0.00,6953.27
2022-01-31,449.91,442.58,0.0180,7078.50,1.66,0.00,1.00,0.00,0.00,7078.50
2022-02-01,452.95,442.77,0.0191,7213.59,2.30,1.00,0.00,0.00,0.00,0.00
2022-02-02,457.35,443.00,0.0236,7384.18,3.24,1.00,0.00,0.00,0.00,0.00
2022-02-03,446.60,443.15,-0.1203,6495.78,0.78,1.00,0.00,0.00,0.00,0.00
2022-02-04,448.70,443.33,0.0345,6720.17,1.21,1.00,0.00,0.00,0.00,0.00
2022-02-07,447.26,443.48,-0.0227,6567.91,0.85,1.00,0.00,0.00,0.00,0.00
2022-02-08,450.94,443.65,0.0340,6791.15,1.64,1.00,0.00,0.00,0.00,0.00
2022-02-09,457.54,443.85,0.0620,7212.45,3.08,1.00,0.00,0.00,0.00,0.00
2022-02-10,449.32,444.01,-0.0663,6733.91,1.20,1.00,0.00,0.00,0.00,0.00
2022-02-11,440.46,444.11,-0.0942,6099.67,-0.82,1.00,0.00,0.00,0.00,0.00
2022-02-14,439.02,444.22,-0.0033,6079.73,-1.17,0.00,1.00,0.00,0.00,6079.73
2022-02-15,446.10,444.36,0.0161,6177.78,0.39,0.00,1.00,0.00,0.00,6177.78
2022-02-16,446.60,444.52,-0.0002,6176.70,0.47,1.00,0.00,0.00,0.00,0.00
2022-02-17,437.06,444.62,-0.0887,5629.00,-1.70,1.00,0.00,0.00,0.00,0.00
2022-02-18,434.23,444.70,-0.0065,5592.55,-2.35,0.00,1.00,0.00,0.00,5592.55
2022-02-22,429.57,444.74,-0.0107,5532.54,-3.41,0.00,1.00,0.00,0.00,5532.54
2022-02-23,421.95,444.76,-0.0177,5434.40,-5.13,0.00,1.00,0.00,0.00,5434.40
2022-02-24,428.30,444.83,0.0150,5516.18,-3.72,0.00,1.00,0.00,0.00,5516.18
2022-02-25,437.75,444.99,0.0221,5637.89,-1.63,0.00,1.00,0.00,0.00,5637.89
2022-02-28,436.63,445.12,-0.0026,5623.46,-1.91,0.00,1.00,0.00,0.00,5623.46
2022-03-01,429.98,445.19,-0.0152,5537.82,-3.42,0.00,1.00,0.00,0.00,5537.82
2022-03-02,437.89,445.30,0.0184,5639.69,-1.66,0.00,1.00,0.00,0.00,5639.69
2022-03-03,435.71,445.42,-0.0050,5611.62,-2.18,0.00,1.00,0.00,0.00,5611.62
2022-03-04,432.17,445.52,-0.0081,5566.02,-3.00,0.00,1.00,0.00,0.00,5566.02
2022-03-07,419.43,445.54,-0.0295,5401.94,-5.86,0.00,1.00,0.00,0.00,5401.94
2022-03-08,416.25,445.55,-0.0076,5360.99,-6.58,0.00,1.00,0.00,0.00,5360.99
2022-03-09,427.41,445.59,0.0268,5504.72,-4.08,0.00,1.00,0.00,0.00,5504.72
2022-03-10,425.48,445.63,-0.0045,5479.86,-4.52,0.00,1.00,0.00,0.00,5479.86
2022-03-11,420.07,445.63,-0.0127,5410.18,-5.74,0.00,1.00,0.00,0.00,5410.18
2022-03-14,417.00,445.62,-0.0073,5370.64,-6.42,0.00,1.00,0.00,0.00,5370.64
2022-03-15,426.17,445.65,0.0220,5488.75,-4.37,0.00,1.00,0.00,0.00,5488.75
2022-03-16,435.62,445.73,0.0222,5610.46,-2.27,0.00,1.00,0.00,0.00,5610.46
2022-03-17,441.07,445.84,0.0125,5680.65,-1.07,0.00,1.00,0.00,0.00,5680.65
2022-03-18,444.52,445.97,0.0110,5742.87,-0.32,0.00,1.00,0.00,0.00,5742.87
2022-03-21,444.39,446.07,-0.0003,5741.19,-0.38,0.00,1.00,0.00,0.00,5741.19
2022-03-22,449.59,446.21,0.0117,5808.37,0.76,0.00,1.00,0.00,0.00,5808.37
2022-03-23,443.80,446.32,-0.0422,5563.19,-0.56,1.00,0.00,0.00,0.00,0.00
2022-03-24,450.49,446.46,0.0151,5647.05,0.90,0.00,1.00,0.00,0.00,5647.05
2022-03-25,452.69,446.61,-0.0016,5638.14,1.36,1.00,0.00,0.00,0.00,0.00
2022-03-28,455.91,446.77,0.0455,5894.64,2.05,1.00,0.00,0.00,0.00,0.00
2022-03-29,461.55,446.95,0.0512,6196.70,3.27,1.00,0.00,0.00,0.00,0.00
2022-03-30,458.70,447.12,-0.0300,6010.52,2.59,1.00,0.00,0.00,0.00,0.00
2022-03-31,451.64,447.27,-0.0414,5761.93,0.98,1.00,0.00,0.00,0.00,0.00
2022-04-01,452.92,447.42,-0.0043,5737.18,1.23,1.00,0.00,0.00,0.00,0.00
2022-04-04,456.80,447.63,0.0625,6095.69,2.05,1.00,0.00,0.00,0.00,0.00
2022-04-05,451.03,447.78,-0.0661,5692.61,0.73,1.00,0.00,0.00,0.00,0.00
2022-04-06,446.52,447.90,-0.0658,5318.25,-0.31,1.00,0.00,0.00,0.00,0.00
2022-04-07,448.77,448.03,0.0050,5345.05,0.17,0.00,1.00,0.00,0.00,5345.05
2022-04-08,447.57,448.14,-0.0409,5126.50,-0.13,1.00,0.00,0.00,0.00,0.00
2022-04-11,439.92,448.21,-0.0171,5038.88,-1.85,0.00,1.00,0.00,0.00,5038.88
2022-04-12,438.29,448.26,-0.0037,5020.21,-2.22,0.00,1.00,0.00,0.00,5020.21
2022-04-13,443.31,448.34,0.0115,5077.71,-1.12,0.00,1.00,0.00,0.00,5077.71
2022-04-14,437.79,448.39,-0.0125,5014.48,-2.36,0.00,1.00,0.00,0.00,5014.48
2022-04-18,437.97,448.43,0.0004,5016.54,-2.33,0.00,1.00,0.00,0.00,5016.54
2022-04-19,445.04,448.48,0.0161,5097.52,-0.77,0.00,1.00,0.00,0.00,5097.52
2022-04-20,444.71,448.54,-0.0007,5093.74,-0.85,0.00,1.00,0.00,0.00,5093.74
2022-04-21,438.06,448.56,-0.0150,5017.57,-2.34,0.00,1.00,0.00,0.00,5017.57
2022-04-22,426.04,448.54,-0.0274,4879.90,-5.02,0.00,1.00,0.00,0.00,4879.90
2022-04-25,428.51,448.50,0.0058,4908.19,-4.46,0.00,1.00,0.00,0.00,4908.19
2022-04-26,416.10,448.40,-0.0290,4766.04,-7.20,0.00,1.00,0.00,0.00,4766.04
2022-04-27,417.27,448.30,0.0028,4779.44,-6.92,0.00,1.00,0.00,0.00,4779.44
2022-04-28,427.81,448.26,0.0253,4900.17,-4.56,0.00,1.00,0.00,0.00,4900.17
2022-04-29,412.00,448.15,-0.0370,4719.08,-8.07,0.00,1.00,0.00,0.00,4719.08
2022-05-02,414.48,448.06,0.0060,4747.49,-7.50,0.00,1.00,0.00,0.00,4747.49
2022-05-03,416.38,448.02,0.0046,4769.25,-7.06,0.00,1.00,0.00,0.00,4769.25
2022-05-04,429.06,448.01,0.0305,4914.49,-4.23,0.00,1.00,0.00,0.00,4914.49
2022-05-05,413.81,447.91,-0.0355,4739.81,-7.61,0.00,1.00,0.00,0.00,4739.81
2022-05-06,411.34,447.79,-0.0060,4711.52,-8.14,0.00,1.00,0.00,0.00,4711.52
2022-05-09,398.17,447.58,-0.0320,4560.67,-11.04,0.00,1.00,0.00,0.00,4560.67
2022-05-10,399.09,447.37,0.0344,4717.57,-10.79,0.00,0.00,1.00,4717.57,0.00
2022-05-11,392.75,447.14,-0.0890,4297.67,-12.16,0.00,0.00,1.00,4297.67,0.00
2022-05-12,392.34,446.90,-0.0080,4263.30,-12.21,0.00,0.00,1.00,4263.30,0.00
2022-05-13,401.72,446.71,0.1087,4726.54,-10.07,0.00,0.00,1.00,4726.54,0.00
2022-05-16,400.09,446.52,-0.0310,4580.10,-10.40,0.00,0.00,1.00,4580.10,0.00
2022-05-17,408.32,446.37,0.0754,4925.29,-8.52,0.00,0.00,1.00,4925.29,0.00
2022-05-18,391.86,446.13,-0.1459,4206.52,-12.16,0.00,0.00,1.00,4206.52,0.00
2022-05-19,389.46,445.88,-0.0202,4121.34,-12.65,0.00,0.00,1.00,4121.34,0.00
2022-05-20,389.63,445.62,-0.0087,4085.48,-12.56,0.00,0.00,1.00,4085.48,0.00
2022-05-23,396.92,445.39,0.0494,4287.21,-10.88,0.00,0.00,1.00,4287.21,0.00
2022-05-24,393.89,445.15,-0.0624,4019.73,-11.51,0.00,0.00,1.00,4019.73,0.00
2022-05-25,397.37,444.92,0.0401,4181.11,-10.69,0.00,0.00,1.00,4181.11,0.00
2022-05-26,405.31,444.73,0.0836,4530.78,-8.86,0.00,0.00,1.00,4530.78,0.00
2022-05-27,415.26,444.58,0.0980,4974.60,-6.59,0.00,0.00,1.00,4974.60,0.00
2022-05-31,412.93,444.41,-0.0072,4938.73,-7.08,0.00,0.00,1.00,4938.73,0.00
2022-06-01,409.59,444.23,-0.0233,4823.67,-7.80,0.00,0.00,1.00,4823.67,0.00
2022-06-02,417.39,444.09,0.0812,5215.18,-6.01,0.00,0.00,1.00,5215.18,0.00
2022-06-03,410.54,443.95,-0.0791,4802.75,-7.53,0.00,0.00,1.00,4802.75,0.00
2022-06-06,411.79,443.81,0.0124,4862.52,-7.21,0.00,0.00,1.00,4862.52,0.00
2022-06-07,415.74,443.67,0.0243,4980.57,-6.30,0.00,0.00,1.00,4980.57,0.00
2022-06-08,411.22,443.49,-0.0204,4878.96,-7.28,0.00,0.00,1.00,4878.96,0.00
2022-06-09,401.44,443.26,-0.0815,4481.47,-9.43,0.00,0.00,1.00,4481.47,0.00
2022-06-10,389.80,442.96,-0.1067,4003.29,-12.00,0.00,0.00,1.00,4003.29,0.00
2022-06-13,375.00,442.61,-0.1385,3448.89,-15.27,0.00,0.00,1.00,3448.89,0.00
2022-06-14,373.87,442.23,0.0065,3471.31,-15.46,0.00,0.00,1.00,3471.31,0.00
2022-06-15,379.20,441.86,0.0719,3720.86,-14.18,0.00,0.00,1.00,3720.86,0.00
2022-06-16,366.65,441.44,-0.1221,3266.59,-16.94,0.00,0.00,1.00,3266.59,0.00
2022-06-17,365.86,441.01,0.0371,3387.63,-17.04,0.00,0.00,1.00,3387.63,0.00
2022-06-21,375.07,440.62,0.0754,3643.16,-14.88,0.00,0.00,1.00,3643.16,0.00
2022-06-22,374.39,440.22,-0.0037,3629.71,-14.95,0.00,0.00,1.00,3629.71,0.00
2022-06-23,378.06,439.86,0.0428,3785.12,-14.05,0.00,0.00,1.00,3785.12,0.00
2022-06-24,390.08,439.55,0.1046,4181.11,-11.26,0.00,0.00,1.00,4181.11,0.00
2022-06-27,388.59,439.25,-0.0236,4082.49,-11.53,0.00,0.00,1.00,4082.49,0.00
2022-06-28,380.65,438.93,-0.0911,3710.40,-13.28,0.00,0.00,1.00,3710.40,0.00
2022-06-29,380.34,438.59,0.0020,3717.87,-13.28,0.00,0.00,1.00,3717.87,0.00
2022-06-30,377.25,438.26,-0.0354,3586.37,-13.92,0.00,0.00,1.00,3586.37,0.00
2022-07-01,381.24,437.93,0.0163,3644.65,-12.94,0.00,0.00,1.00,3644.65,0.00
2022-07-05,381.96,437.60,0.0517,3832.94,-12.71,0.00,0.00,1.00,3832.94,0.00
2022-07-06,383.25,437.31,0.0191,3906.16,-12.36,0.00,0.00,1.00,3906.16,0.00
2022-07-07,388.99,437.08,0.0620,4148.24,-11.00,0.00,0.00,1.00,4148.24,0.00
2022-07-08,388.67,436.86,0.0047,4167.66,-11.03,0.00,0.00,1.00,4167.66,0.00
2022-07-11,384.23,436.59,-0.0638,3901.67,-11.99,0.00,0.00,1.00,3901.67,0.00
2022-07-12,380.83,436.28,-0.0291,3788.11,-12.71,0.00,0.00,1.00,3788.11,0.00
2022-07-13,378.83,435.95,-0.0063,3764.20,-13.10,0.00,0.00,1.00,3764.20,0.00
2022-07-14,377.91,435.63,0.0103,3803.05,-13.25,0.00,0.00,1.00,3803.05,0.00
2022-07-15,385.13,435.39,0.0527,4003.29,-11.54,0.00,0.00,1.00,4003.29,0.00
2022-07-18,381.95,435.13,-0.0231,3910.64,-12.22,0.00,0.00,1.00,3910.64,0.00
2022-07-19,392.27,434.94,0.0875,4252.84,-9.81,0.00,0.00,1.00,4252.84,0.00
2022-07-20,394.77,434.74,0.0502,4466.53,-9.19,0.00,0.00,1.00,4466.53,0.00
2022-07-21,398.79,434.59,0.0425,4656.31,-8.24,0.00,0.00,1.00,4656.31,0.00
2022-07-22,395.09,434.40,-0.0523,4412.73,-9.05,0.00,0.00,1.00,4412.73,0.00
2022-07-25,395.57,434.21,-0.0149,4346.98,-8.90,0.00,0.00,1.00,4346.98,0.00
2022-07-26,390.89,433.97,-0.0605,4083.98,-9.93,0.00,0.00,1.00,4083.98,0.00
2022-07-27,401.04,433.78,0.1248,4593.55,-7.55,0.00,0.00,1.00,4593.55,0.00
2022-07-28,406.07,433.64,0.0286,4725.05,-6.36,0.00,0.00,1.00,4725.05,0.00
2022-07-29,411.99,433.53,0.0550,4985.06,-4.97,0.00,0.00,1.00,4985.06,0.00
2022-08-01,410.77,433.41,-0.0015,4977.59,-5.22,0.00,0.00,1.00,4977.59,0.00
2022-08-02,408.06,433.24,-0.0093,4931.26,-5.81,0.00,0.00,1.00,4931.26,0.00
2022-08-03,414.45,433.08,0.0800,5325.76,-4.30,0.00,0.00,1.00,5325.76,0.00
2022-08-04,414.17,432.92,0.0143,5401.97,-4.33,0.00,0.00,1.00,5401.97,0.00
2022-08-05,413.47,432.73,-0.0238,5273.46,-4.45,0.00,0.00,1.00,5273.46,0.00
2022-08-08,412.99,432.53,-0.0102,5219.67,-4.52,0.00,0.00,1.00,5219.67,0.00
2022-08-09,411.35,432.32,-0.0344,5040.35,-4.85,0.00,0.00,1.00,5040.35,0.00
2022-08-10,419.99,432.16,0.0821,5454.27,-2.82,0.00,0.00,1.00,5454.27,0.00
2022-08-11,419.99,431.98,-0.0151,5372.09,-2.78,0.00,0.00,1.00,5372.09,0.00
2022-08-12,427.10,431.84,0.0565,5675.43,-1.10,0.00,0.00,1.00,5675.43,0.00
2022-08-15,428.86,431.71,0.0240,5811.42,-0.66,0.00,0.00,1.00,5811.42,0.00
2022-08-16,429.70,431.57,-0.0064,5774.06,-0.43,0.00,0.00,1.00,5774.06,0.00
2022-08-17,426.65,431.40,-0.0347,5573.82,-1.10,0.00,0.00,1.00,5573.82,0.00
2022-08-18,427.89,431.24,0.0067,5611.18,-0.78,0.00,0.00,1.00,5611.18,0.00
2022-08-19,422.14,431.04,-0.0586,5282.43,-2.07,0.00,0.00,1.00,5282.43,0.00
2022-08-22,413.35,430.79,-0.0786,4867.01,-4.05,0.00,0.00,1.00,4867.01,0.00
2022-08-23,412.35,430.51,-0.0034,4850.57,-4.22,0.00,0.00,1.00,4850.57,0.00
2022-08-24,413.67,430.24,0.0077,4887.93,-3.85,0.00,0.00,1.00,4887.93,0.00
2022-08-25,419.51,429.99,0.0526,5144.95,-2.44,0.00,0.00,1.00,5144.95,0.00
2022-08-26,405.31,429.68,-0.1217,4518.83,-5.67,0.00,0.00,1.00,4518.83,0.00
2022-08-29,402.63,429.38,-0.0308,4379.86,-6.23,0.00,0.00,1.00,4379.86,0.00
2022-08-30,398.21,429.05,-0.0334,4233.41,-7.19,0.00,0.00,1.00,4233.41,0.00
2022-08-31,395.18,428.69,-0.0184,4155.71,-7.82,0.00,0.00,1.00,4155.71,0.00
2022-09-01,396.42,428.33,0.0011,4160.19,-7.45,0.00,0.00,1.00,4160.19,0.00
2022-09-02,392.24,427.95,-0.0417,3986.85,-8.34,0.00,0.00,1.00,3986.85,0.00
2022-09-06,390.76,427.56,-0.0229,3895.70,-8.61,0.00,0.00,1.00,3895.70,0.00
2022-09-07,397.78,427.20,0.0591,4125.82,-6.89,0.00,0.00,1.00,4125.82,0.00
2022-09-08,400.38,426.86,0.0163,4193.07,-6.20,0.00,0.00,1.00,4193.07,0.00
2022-09-09,406.60,426.56,0.0634,4459.06,-4.68,0.00,0.00,1.00,4459.06,0.00
2022-09-12,410.97,426.27,0.0365,4621.94,-3.59,0.00,0.00,1.00,4621.94,0.00
2022-09-13,393.10,425.89,-0.1646,3861.33,-7.70,0.00,0.00,1.00,3861.33,0.00
2022-09-14,394.60,425.57,0.0224,3948.00,-7.28,0.00,0.00,1.00,3948.00,0.00
2022-09-15,390.12,425.19,-0.0503,3749.25,-8.25,0.00,0.00,1.00,3749.25,0.00
2022-09-16,385.56,424.84,-0.0195,3676.03,-9.25,0.00,0.00,1.00,3676.03,0.00
2022-09-19,388.55,424.53,0.0240,3764.20,-8.48,0.00,0.00,1.00,3764.20,0.00
2022-09-20,384.09,424.17,-0.0238,3674.54,-9.45,0.00,0.00,1.00,3674.54,0.00
2022-09-21,377.39,423.79,-0.0549,3472.80,-10.95,0.00,0.00,1.00,3472.80,0.00
2022-09-22,374.22,423.36,-0.0370,3344.29,-11.61,0.00,0.00,1.00,3344.29,0.00
2022-09-23,367.95,422.86,-0.0478,3184.40,-12.99,0.00,0.00,1.00,3184.40,0.00
2022-09-26,364.31,422.34,-0.0136,3141.07,-13.74,0.00,0.00,1.00,3141.07,0.00
2022-09-27,363.38,421.82,0.0010,3144.05,-13.85,0.00,0.00,1.00,3144.05,0.00
2022-09-28,370.53,421.32,0.0585,3327.85,-12.06,0.00,0.00,1.00,3327.85,0.00
2022-09-29,362.79,420.80,-0.0844,3046.92,-13.79,0.00,0.00,1.00,3046.92,0.00
2022-09-30,357.18,420.27,-0.0525,2887.03,-15.01,0.00,0.00,1.00,2887.03,0.00
2022-10-03,366.61,419.75,0.0694,3087.27,-12.66,0.00,0.00,1.00,3087.27,0.00
2022-10-04,377.97,419.31,0.0929,3374.18,-9.86,0.00,0.00,1.00,3374.18,0.00
2022-10-05,377.09,418.89,0.0000,3374.18,-9.98,0.00,0.00,1.00,3374.18,0.00
2022-10-06,373.20,418.49,-0.0252,3289.00,-10.82,0.00,0.00,1.00,3289.00,0.00
2022-10-07,362.79,417.98,-0.1140,2913.93,-13.20,0.00,0.00,1.00,2913.93,0.00
2022-10-10,360.02,417.45,-0.0313,2822.77,-13.76,0.00,0.00,1.00,2822.77,0.00
2022-10-11,357.74,416.88,-0.0397,2710.70,-14.19,0.00,0.00,1.00,2710.70,0.00
2022-10-12,356.56,416.28,-0.0022,2704.72,-14.35,0.00,0.00,1.00,2704.72,0.00
2022-10-13,365.97,415.72,0.0669,2885.54,-11.97,0.00,0.00,1.00,2885.54,0.00
2022-10-14,357.63,415.12,-0.0901,2625.52,-13.85,0.00,0.00,1.00,2625.52,0.00
2022-10-17,366.82,414.58,0.0985,2884.04,-11.52,0.00,0.00,1.00,2884.04,0.00
2022-10-18,371.13,414.06,0.0249,2955.77,-10.37,0.00,0.00,1.00,2955.77,0.00
2022-10-19,368.50,413.51,-0.0121,2919.91,-10.89,0.00,0.00,1.00,2919.91,0.00
2022-10-20,365.41,412.95,-0.0169,2870.59,-11.51,0.00,0.00,1.00,2870.59,0.00
2022-10-21,374.29,412.48,0.0708,3073.82,-9.26,0.00,0.00,1.00,3073.82,0.00
2022-10-24,378.87,412.04,0.0340,3178.42,-8.05,0.00,0.00,1.00,3178.42,0.00
2022-10-25,384.92,411.63,0.0602,3369.70,-6.49,0.00,0.00,1.00,3369.70,0.00
2022-10-26,382.02,411.21,-0.0661,3147.04,-7.10,0.00,0.00,1.00,3147.04,0.00
2022-10-27,379.98,410.76,-0.0551,2973.70,-7.49,0.00,0.00,1.00,2973.70,0.00
2022-10-28,389.02,410.35,0.0905,3242.68,-5.20,0.00,0.00,1.00,3242.68,0.00
2022-10-31,386.21,409.96,-0.0346,3130.60,-5.79,0.00,0.00,1.00,3130.60,0.00
2022-11-01,384.52,409.56,-0.0310,3033.47,-6.11,0.00,0.00,1.00,3033.47,0.00
2022-11-02,374.87,409.15,-0.1034,2719.67,-8.38,0.00,0.00,1.00,2719.67,0.00
2022-11-03,371.01,408.75,-0.0577,2562.76,-9.23,0.00,0.00,1.00,2562.76,0.00
2022-11-04,376.35,408.40,0.0466,2682.31,-7.85,0.00,0.00,1.00,2682.31,0.00
2022-11-07,379.95,408.11,0.0318,2767.48,-6.90,0.00,0.00,1.00,2767.48,0.00
2022-11-08,382.00,407.82,0.0216,2827.26,-6.33,0.00,0.00,1.00,2827.26,0.00
2022-11-09,374.13,407.52,-0.0698,2630.01,-8.19,0.00,0.00,1.00,2630.01,0.00
2022-11-10,394.69,407.32,0.2188,3205.32,-3.10,0.00,0.00,1.00,3205.32,0.00
2022-11-11,398.51,407.16,0.0569,3387.63,-2.12,0.00,0.00,1.00,3387.63,0.00
2022-11-14,395.12,406.92,-0.0265,3297.97,-2.90,0.00,0.00,1.00,3297.97,0.00
2022-11-15,398.49,406.67,0.0403,3430.96,-2.01,0.00,0.00,1.00,3430.96,0.00
2022-11-16,395.45,406.38,-0.0405,3291.99,-2.69,0.00,0.00,1.00,3291.99,0.00
2022-11-17,394.24,406.06,-0.0077,3266.59,-2.91,0.00,0.00,1.00,3266.59,0.00
2022-11-18,396.03,405.81,-0.0009,3263.60,-2.41,0.00,0.00,1.00,3263.60,0.00
2022-11-21,394.59,405.54,-0.0302,3164.97,-2.70,0.00,0.00,1.00,3164.97,0.00
2022-11-22,399.90,405.30,0.0420,3297.97,-1.33,0.00,0.00,1.00,3297.97,0.00
2022-11-23,402.42,405.06,0.0299,3396.59,-0.65,0.00,0.00,1.00,3396.59,0.00
2022-11-25,402.33,404.79,-0.0207,3326.36,-0.61,0.00,0.00,1.00,3326.36,0.00
2022-11-28,395.91,404.52,-0.0440,3179.92,-2.13,0.00,0.00,1.00,3179.92,0.00
2022-11-29,395.23,404.29,-0.0240,3103.71,-2.24,0.00,0.00,1.00,3103.71,0.00
2022-11-30,407.68,404.14,0.1343,3520.62,0.88,0.00,0.00,1.00,3520.62,0.00
2022-12-01,407.38,403.94,0.0055,3540.05,0.85,1.00,0.00,0.00,0.00,0.00
2022-12-02,406.91,403.74,-0.0118,3498.21,0.78,1.00,0.00,0.00,0.00,0.00
2022-12-05,399.59,403.56,-0.0504,3321.88,-0.98,1.00,0.00,0.00,0.00,0.00
2022-12-06,393.83,403.35,-0.0144,3273.99,-2.36,0.00,1.00,0.00,0.00,3273.99
2022-12-07,393.16,403.17,-0.0017,3268.42,-2.48,0.00,1.00,0.00,0.00,3268.42
2022-12-08,396.24,403.04,0.0078,3294.03,-1.69,0.00,1.00,0.00,0.00,3294.03
2022-12-09,393.28,402.87,-0.0075,3269.42,-2.38,0.00,1.00,0.00,0.00,3269.42
2022-12-12,398.95,402.67,0.0144,3316.56,-0.93,0.00,1.00,0.00,0.00,3316.56
2022-12-13,401.97,402.50,0.0076,3341.66,-0.13,0.00,1.00,0.00,0.00,3341.66
2022-12-14,399.40,402.35,-0.0064,3320.30,-0.73,0.00,1.00,0.00,0.00,3320.30
2022-12-15,389.63,402.11,-0.0245,3239.08,-3.10,0.00,1.00,0.00,0.00,3239.08
2022-12-16,383.27,401.85,-0.0118,3200.84,-4.62,0.00,1.00,0.00,0.00,3200.84
2022-12-19,380.02,401.58,-0.0085,3173.69,-5.37,0.00,1.00,0.00,0.00,3173.69
2022-12-20,380.54,401.39,0.0014,3178.04,-5.19,0.00,1.00,0.00,0.00,3178.04
2022-12-21,386.23,401.24,0.0150,3225.56,-3.74,0.00,1.00,0.00,0.00,3225.56
2022-12-22,380.72,401.01,-0.0143,3179.54,-5.06,0.00,1.00,0.00,0.00,3179.54
2022-12-23,382.91,400.79,0.0058,3197.83,-4.46,0.00,1.00,0.00,0.00,3197.83
2022-12-27,381.40,400.60,-0.0039,3185.22,-4.79,0.00,1.00,0.00,0.00,3185.22
2022-12-28,376.66,400.40,-0.0124,3145.63,-5.93,0.00,1.00,0.00,0.00,3145.63
2022-12-29,383.44,400.18,0.0180,3202.26,-4.18,0.00,1.00,0.00,0.00,3202.26
2022-12-30,382.43,399.92,-0.0026,3193.82,-4.37,0.00,1.00,0.00,0.00,3193.82
2023-01-03,380.82,399.62,-0.0042,3180.38,-4.70,0.00,1.00,0.00,0.00,3180.38
2023-01-04,383.76,399.31,0.0077,3204.93,-3.90,0.00,1.00,0.00,0.00,3204.93
2023-01-05,379.38,398.99,-0.0114,3168.35,-4.91,0.00,1.00,0.00,0.00,3168.35
2023-01-06,388.08,398.68,0.0229,3241.01,-2.66,0.00,1.00,0.00,0.00,3241.01
2023-01-09,387.86,398.40,-0.0006,3239.17,-2.65,0.00,1.00,0.00,0.00,3239.17
2023-01-10,390.58,398.10,0.0070,3261.89,-1.89,0.00,1.00,0.00,0.00,3261.89
2023-01-11,395.52,397.82,0.0126,3303.14,-0.58,0.00,1.00,0.00,0.00,3303.14
2023-01-12,396.96,397.52,0.0036,3315.17,-0.14,0.00,1.00,0.00,0.00,3315.17
2023-01-13,398.50,397.21,0.0039,3328.03,0.33,0.00,1.00,0.00,0.00,3328.03
2023-01-17,397.77,396.90,0.0055,3346.24,0.22,1.00,0.00,0.00,0.00,0.00
2023-01-18,391.49,396.60,-0.0371,3222.06,-1.29,1.00,0.00,0.00,0.00,0.00
2023-01-19,388.64,396.28,-0.0073,3198.60,-1.93,0.00,1.00,0.00,0.00,3198.60
2023-01-20,395.88,395.97,0.0186,3258.19,-0.02,0.00,1.00,0.00,0.00,3258.19
2023-01-23,400.63,395.72,0.0120,3297.29,1.24,0.00,1.00,0.00,0.00,3297.29
2023-01-24,400.20,395.49,-0.0060,3277.56,1.19,1.00,0.00,0.00,0.00,0.00
2023-01-25,400.35,395.25,-0.0074,3253.28,1.29,1.00,0.00,0.00,0.00,0.00
2023-01-26,404.75,395.04,0.0578,3441.44,2.46,1.00,0.00,0.00,0.00,0.00
2023-01-27,405.68,394.86,0.0287,3540.07,2.74,1.00,0.00,0.00,0.00,0.00
2023-01-30,400.59,394.68,-0.0600,3327.63,1.50,1.00,0.00,0.00,0.00,0.00
2023-01-31,406.48,394.49,0.0447,3476.34,3.04,1.00,0.00,0.00,0.00,0.00
2023-02-01,410.80,394.36,0.0646,3700.91,4.17,1.00,0.00,0.00,0.00,0.00
2023-02-02,416.78,394.25,0.1033,4083.29,5.71,1.00,0.00,0.00,0.00,0.00
2023-02-03,412.35,394.09,-0.0517,3872.38,4.63,1.00,0.00,0.00,0.00,0.00
2023-02-06,409.83,393.91,-0.0255,3773.75,4.04,1.00,0.00,0.00,0.00,0.00
2023-02-07,415.19,393.80,0.0619,4007.42,5.43,1.00,0.00,0.00,0.00,0.00
2023-02-08,410.65,393.72,-0.0538,3791.95,4.30,1.00,0.00,0.00,0.00,0.00
2023-02-09,407.09,393.61,-0.0268,3690.29,3.42,1.00,0.00,0.00,0.00,0.00
2023-02-10,408.04,393.57,-0.0206,3614.42,3.68,1.00,0.00,0.00,0.00,0.00
2023-02-13,412.83,393.55,0.0474,3785.89,4.90,1.00,0.00,0.00,0.00,0.00
2023-02-14,412.64,393.48,0.0216,3867.82,4.87,1.00,0.00,0.00,0.00,0.00
2023-02-15,413.98,393.49,0.0224,3954.32,5.21,1.00,0.00,0.00,0.00,0.00
2023-02-16,408.28,393.45,-0.0572,3728.23,3.77,1.00,0.00,0.00,0.00,0.00
2023-02-17,407.26,393.41,-0.0216,3647.80,3.52,1.00,0.00,0.00,0.00,0.00
2023-02-21,399.09,393.26,-0.0703,3391.36,1.48,1.00,0.00,0.00,0.00,0.00
2023-02-22,398.54,393.18,0.0009,3394.40,1.36,1.00,0.00,0.00,0.00,0.00
2023-02-23,400.66,393.13,0.0250,3479.37,1.92,1.00,0.00,0.00,0.00,0.00
2023-02-24,396.38,393.12,-0.0506,3303.36,0.83,1.00,0.00,0.00,0.00,0.00
2023-02-27,397.73,393.11,0.0216,3374.67,1.17,1.00,0.00,0.00,0.00,0.00
2023-02-28,396.26,393.13,-0.0049,3357.98,0.80,1.00,0.00,0.00,0.00,0.00
2023-03-01,394.74,393.14,-0.0244,3276.04,0.41,1.00,0.00,0.00,0.00,0.00
2023-03-02,397.81,393.12,0.0241,3354.95,1.19,1.00,0.00,0.00,0.00,0.00
2023-03-03,404.19,393.14,0.0611,3559.79,2.81,1.00,0.00,0.00,0.00,0.00
2023-03-06,404.47,393.12,0.0043,3574.97,2.89,1.00,0.00,0.00,0.00,0.00
2023-03-07,398.27,393.16,-0.0374,3441.44,1.30,1.00,0.00,0.00,0.00,0.00
2023-03-08,398.92,393.20,0.0137,3488.48,1.45,1.00,0.00,0.00,0.00,0.00
2023-03-09,391.56,393.21,-0.0526,3304.87,-0.42,1.00,0.00,0.00,0.00,0.00
2023-03-10,385.91,393.16,-0.0144,3257.19,-1.84,0.00,1.00,0.00,0.00,3257.19
2023-03-13,385.36,393.12,-0.0014,3252.54,-1.97,0.00,1.00,0.00,0.00,3252.54
2023-03-14,391.73,393.09,0.0165,3306.31,-0.35,0.00,1.00,0.00,0.00,3306.31
2023-03-15,389.28,393.01,-0.0063,3285.63,-0.95,0.00,1.00,0.00,0.00,3285.63
2023-03-16,396.11,392.91,0.0175,3343.28,0.81,0.00,1.00,0.00,0.00,3343.28
2023-03-17,389.99,392.80,-0.0148,3293.68,-0.71,1.00,0.00,0.00,0.00,0.00
2023-03-20,393.74,392.72,0.0096,3325.35,0.26,0.00,1.00,0.00,0.00,3325.35
2023-03-21,398.91,392.63,0.0423,3465.97,1.60,1.00,0.00,0.00,0.00,0.00
2023-03-22,392.11,392.53,-0.0408,3324.53,-0.11,1.00,0.00,0.00,0.00,0.00
2023-03-23,393.17,392.44,0.0027,3333.52,0.19,0.00,1.00,0.00,0.00,3333.52
2023-03-24,395.75,392.34,0.0102,3367.42,0.87,1.00,0.00,0.00,0.00,0.00
2023-03-27,396.49,392.27,-0.0205,3298.30,1.08,1.00,0.00,0.00,0.00,0.00
2023-03-28,395.60,392.24,-0.0166,3243.53,0.86,1.00,0.00,0.00,0.00,0.00
2023-03-29,401.35,392.30,0.0547,3420.90,2.31,1.00,0.00,0.00,0.00,0.00
2023-03-30,403.70,392.44,0.0271,3513.49,2.87,1.00,0.00,0.00,0.00,0.00
2023-03-31,409.39,392.62,0.0490,3685.65,4.27,1.00,0.00,0.00,0.00,0.00
2023-04-03,410.95,392.78,-0.0071,3659.56,4.63,1.00,0.00,0.00,0.00,0.00
2023-04-04,408.67,392.99,-0.0100,3623.05,3.99,1.00,0.00,0.00,0.00,0.00
2023-04-05,407.60,393.19,-0.0320,3506.97,3.66,1.00,0.00,0.00,0.00,0.00
2023-04-06,409.19,393.36,0.0201,3577.40,4.02,1.00,0.00,0.00,0.00,0.00
2023-04-10,409.61,393.54,-0.0022,3569.57,4.08,1.00,0.00,0.00,0.00,0.00
2023-04-11,409.72,393.70,-0.0194,3500.45,4.07,1.00,0.00,0.00,0.00,0.00
2023-04-12,408.05,393.79,-0.0265,3407.85,3.62,1.00,0.00,0.00,0.00,0.00
2023-04-13,413.47,393.91,0.0574,3603.48,4.96,1.00,0.00,0.00,0.00,0.00
2023-04-14,412.46,394.07,-0.0058,3582.62,4.67,1.00,0.00,0.00,0.00,0.00
2023-04-17,413.94,394.24,0.0011,3586.53,5.00,1.00,0.00,0.00,0.00,0.00
2023-04-18,414.21,394.43,0.0007,3589.14,5.02,1.00,0.00,0.00,0.00,0.00
2023-04-19,414.14,394.59,-0.0022,3581.31,4.95,1.00,0.00,0.00,0.00,0.00
2023-04-20,411.88,394.74,-0.0233,3497.84,4.34,1.00,0.00,0.00,0.00,0.00
2023-04-21,412.20,394.88,0.0019,3504.37,4.39,1.00,0.00,0.00,0.00,0.00
2023-04-24,412.63,395.00,-0.0060,3483.50,4.46,1.00,0.00,0.00,0.00,0.00
2023-04-25,406.08,395.09,-0.0565,3286.56,2.78,1.00,0.00,0.00,0.00,0.00
2023-04-26,404.36,395.19,0.0167,3341.34,2.32,1.00,0.00,0.00,0.00,0.00
2023-04-27,412.41,395.35,0.0808,3611.31,4.32,1.00,0.00,0.00,0.00,0.00
2023-04-28,415.93,395.53,0.0202,3684.34,5.16,1.00,0.00,0.00,0.00,0.00
2023-05-01,415.51,395.72,-0.0028,3673.91,5.00,1.00,0.00,0.00,0.00,0.00
2023-05-02,410.84,395.85,-0.0266,3576.10,3.79,1.00,0.00,0.00,0.00,0.00
2023-05-03,408.02,395.98,-0.0197,3505.67,3.04,1.00,0.00,0.00,0.00,0.00
2023-05-04,405.13,396.04,-0.0112,3466.54,2.29,1.00,0.00,0.00,0.00,0.00
2023-05-05,412.63,396.13,0.0613,3679.13,4.16,1.00,0.00,0.00,0.00,0.00
2023-05-08,412.74,396.20,0.0082,3709.12,4.17,1.00,0.00,0.00,0.00,0.00
2023-05-09,410.93,396.28,-0.0193,3637.39,3.70,1.00,0.00,0.00,0.00,0.00
2023-05-10,412.85,396.37,0.0323,3754.77,4.16,1.00,0.00,0.00,0.00,0.00
2023-05-11,412.13,396.48,0.0083,3786.07,3.95,1.00,0.00,0.00,0.00,0.00
2023-05-12,411.59,396.53,-0.0103,3746.94,3.80,1.00,0.00,0.00,0.00,0.00
2023-05-15,413.01,396.56,0.0153,3804.33,4.15,1.00,0.00,0.00,0.00,0.00
2023-05-16,410.25,396.55,0.0038,3818.68,3.45,1.00,0.00,0.00,0.00,0.00
2023-05-17,415.23,396.58,0.0359,3955.62,4.70,1.00,0.00,0.00,0.00,0.00
2023-05-18,419.23,396.63,0.0537,4168.20,5.70,1.00,0.00,0.00,0.00,0.00
2023-05-19,418.62,396.65,-0.0069,4139.51,5.54,1.00,0.00,0.00,0.00,0.00
2023-05-22,418.79,396.68,0.0104,4182.54,5.57,1.00,0.00,0.00,0.00,0.00
2023-05-23,414.09,396.68,-0.0387,4020.83,4.39,1.00,0.00,0.00,0.00,0.00
2023-05-24,411.09,396.67,-0.0162,3955.62,3.64,1.00,0.00,0.00,0.00,0.00
2023-05-25,414.65,396.69,0.0722,4241.23,4.53,1.00,0.00,0.00,0.00,0.00
2023-05-26,420.02,396.69,0.0756,4562.07,5.88,1.00,0.00,0.00,0.00,0.00
2023-05-30,420.18,396.69,0.0140,4625.97,5.92,1.00,0.00,0.00,0.00,0.00
2023-05-31,417.85,396.64,-0.0203,4532.07,5.35,1.00,0.00,0.00,0.00,0.00
2023-06-01,421.82,396.61,0.0363,4696.40,6.36,1.00,0.00,0.00,0.00,0.00
2023-06-02,427.92,396.60,0.0225,4802.04,7.90,1.00,0.00,0.00,0.00,0.00
2023-06-05,427.10,396.60,0.0022,4812.47,7.69,1.00,0.00,0.00,0.00,0.00
2023-06-06,428.03,396.60,-0.0011,4807.25,7.92,1.00,0.00,0.00,0.00,0.00
2023-06-07,426.55,396.62,-0.0510,4562.07,7.55,1.00,0.00,0.00,0.00,0.00
2023-06-08,429.13,396.70,0.0343,4718.57,8.17,1.00,0.00,0.00,0.00,0.00
2023-06-09,429.90,396.79,0.0122,4775.95,8.34,1.00,0.00,0.00,0.00,0.00
2023-06-12,433.80,396.89,0.0511,5019.84,9.30,1.00,0.00,0.00,0.00,0.00
2023-06-13,436.66,396.98,0.0223,5132.00,10.00,1.00,0.00,0.00,0.00,0.00
2023-06-14,437.18,397.13,0.0213,5241.55,10.08,1.00,0.00,0.00,0.00,0.00
2023-06-15,442.60,397.33,0.0124,5306.53,11.39,0.00,1.00,0.00,0.00,5306.53
2023-06-16,439.46,397.54,-0.0034,5288.46,10.54,0.00,1.00,0.00,0.00,5288.46
2023-06-20,437.18,397.75,-0.0052,5261.02,9.91,0.00,1.00,0.00,0.00,5261.02
2023-06-21,434.94,397.94,-0.0051,5234.06,9.30,0.00,1.00,0.00,0.00,5234.06
2023-06-22,436.51,398.16,0.0036,5252.96,9.63,0.00,1.00,0.00,0.00,5252.96
2023-06-23,433.21,398.38,-0.0076,5213.24,8.74,0.00,1.00,0.00,0.00,5213.24
2023-06-26,431.44,398.55,-0.0041,5191.94,8.25,0.00,1.00,0.00,0.00,5191.94
2023-06-27,436.17,398.72,0.0110,5248.87,9.39,0.00,1.00,0.00,0.00,5248.87
2023-06-28,436.39,398.87,0.0005,5251.51,9.41,0.00,1.00,0.00,0.00,5251.51
2023-06-29,438.11,399.01,0.0039,5272.21,9.80,0.00,1.00,0.00,0.00,5272.21
2023-06-30,443.28,399.26,0.0118,5334.43,11.03,0.00,1.00,0.00,0.00,5334.43
2023-07-03,443.79,399.51,0.0012,5340.56,11.08,0.00,1.00,0.00,0.00,5340.56
2023-07-05,443.13,399.77,-0.0015,5332.62,10.85,0.00,1.00,0.00,0.00,5332.62
2023-07-06,439.66,400.04,-0.0078,5290.86,9.90,0.00,1.00,0.00,0.00,5290.86
2023-07-07,438.55,400.29,-0.0025,5277.51,9.56,0.00,1.00,0.00,0.00,5277.51
2023-07-10,439.66,400.57,0.0025,5290.86,9.76,0.00,1.00,0.00,0.00,5290.86
2023-07-11,442.46,400.89,0.0064,5324.56,10.37,0.00,1.00,0.00,0.00,5324.56
2023-07-12,446.02,401.25,0.0080,5367.40,11.16,0.00,1.00,0.00,0.00,5367.40
2023-07-13,449.56,401.66,0.0079,5410.00,11.93,0.00,1.00,0.00,0.00,5410.00
2023-07-14,449.28,402.09,-0.0006,5406.63,11.74,0.00,1.00,0.00,0.00,5406.63
2023-07-17,450.84,402.52,0.0035,5425.40,12.00,0.00,1.00,0.00,0.00,5425.40
2023-07-18,454.19,402.94,0.0074,5465.72,12.72,0.00,1.00,0.00,0.00,5465.72
2023-07-19,455.20,403.40,0.0022,5477.87,12.84,0.00,1.00,0.00,0.00,5477.87
2023-07-20,452.18,403.88,-0.0066,5441.53,11.96,0.00,1.00,0.00,0.00,5441.53
2023-07-21,452.18,404.31,0.0000,5441.53,11.84,0.00,1.00,0.00,0.00,5441.53
2023-07-24,454.20,404.69,0.0045,5465.84,12.23,0.00,1.00,0.00,0.00,5465.84
2023-07-25,455.44,405.08,0.0027,5480.76,12.43,0.00,1.00,0.00,0.00,5480.76
2023-07-26,455.51,405.49,0.0002,5481.60,12.34,0.00,1.00,0.00,0.00,5481.60
2023-07-27,452.49,405.94,-0.0066,5445.26,11.47,0.00,1.00,0.00,0.00,5445.26
2023-07-28,456.92,406.42,0.0098,5498.57,12.42,0.00,1.00,0.00,0.00,5498.57
2023-07-31,457.79,406.92,0.0019,5509.04,12.50,0.00,1.00,0.00,0.00,5509.04
2023-08-01,456.48,407.42,-0.0029,5493.28,12.04,0.00,1.00,0.00,0.00,5493.28
2023-08-02,450.13,407.84,-0.0139,5416.86,10.37,0.00,1.00,0.00,0.00,5416.86
2023-08-03,448.84,408.30,-0.0029,5401.34,9.93,0.00,1.00,0.00,0.00,5401.34
2023-08-04,446.81,408.70,-0.0045,5376.91,9.32,0.00,1.00,0.00,0.00,5376.91
2023-08-07,450.71,409.10,0.0087,5423.84,10.17,0.00,1.00,0.00,0.00,5423.84
2023-08-08,448.75,409.50,-0.0043,5400.25,9.58,0.00,1.00,0.00,0.00,5400.25
2023-08-09,445.75,409.90,-0.0067,5364.15,8.75,0.00,1.00,0.00,0.00,5364.15
2023-08-10,445.91,410.26,0.0004,5366.08,8.69,0.00,1.00,0.00,0.00,5366.08
2023-08-11,445.65,410.59,-0.0006,5362.95,8.54,0.00,1.00,0.00,0.00,5362.95
2023-08-14,448.11,410.91,0.0055,5392.55,9.05,0.00,1.00,0.00,0.00,5392.55
2023-08-15,442.89,411.21,-0.0116,5329.73,7.70,0.00,1.00,0.00,0.00,5329.73
2023-08-16,439.64,411.51,-0.0073,5290.62,6.84,0.00,1.00,0.00,0.00,5290.62
2023-08-17,436.29,411.75,-0.0076,5250.31,5.96,0.00,1.00,0.00,0.00,5250.31
2023-08-18,436.50,412.00,0.0005,5252.84,5.95,0.00,1.00,0.00,0.00,5252.84
2023-08-21,439.34,412.27,0.0065,5287.01,6.57,0.00,1.00,0.00,0.00,5287.01
2023-08-22,438.15,412.59,-0.0027,5272.69,6.19,0.00,1.00,0.00,0.00,5272.69
2023-08-23,443.03,412.95,0.0111,5331.42,7.28,0.00,1.00,0.00,0.00,5331.42
2023-08-24,436.89,413.25,-0.0139,5257.53,5.72,0.00,1.00,0.00,0.00,5257.53
2023-08-25,439.97,413.55,0.0070,5294.59,6.39,0.00,1.00,0.00,0.00,5294.59
2023-08-28,442.76,413.86,0.0063,5328.17,6.98,0.00,1.00,0.00,0.00,5328.17
2023-08-29,449.16,414.23,0.0145,5405.19,8.43,0.00,1.00,0.00,0.00,5405.19
2023-08-30,451.01,414.51,0.0041,5427.45,8.80,0.00,1.00,0.00,0.00,5427.45
2023-08-31,450.35,414.77,-0.0015,5419.51,8.58,0.00,1.00,0.00,0.00,5419.51
2023-09-01,451.19,415.05,0.0019,5429.62,8.71,0.00,1.00,0.00,0.00,5429.62
2023-09-05,449.24,415.31,-0.0043,5406.15,8.17,0.00,1.00,0.00,0.00,5406.15
2023-09-06,446.22,415.56,-0.0067,5369.81,7.38,0.00,1.00,0.00,0.00,5369.81
2023-09-07,444.85,415.81,-0.0031,5353.32,6.98,0.00,1.00,0.00,0.00,5353.32
2023-09-08,445.52,416.06,0.0015,5361.38,7.08,0.00,1.00,0.00,0.00,5361.38
2023-09-11,448.45,416.33,0.0066,5396.64,7.71,0.00,1.00,0.00,0.00,5396.64
2023-09-12,445.99,416.56,-0.0055,5367.04,7.06,0.00,1.00,0.00,0.00,5367.04
2023-09-13,446.51,416.78,0.0012,5373.30,7.13,0.00,1.00,0.00,0.00,5373.30
2023-09-14,450.36,417.02,0.0086,5419.63,7.99,0.00,1.00,0.00,0.00,5419.63
2023-09-15,443.37,417.26,-0.0120,5354.33,6.26,0.00,1.00,0.00,0.00,5354.33
2023-09-18,443.63,417.50,0.0006,5357.47,6.26,0.00,1.00,0.00,0.00,5357.47
2023-09-19,442.71,417.68,-0.0021,5346.36,5.99,0.00,1.00,0.00,0.00,5346.36
2023-09-20,438.64,417.83,-0.0092,5297.21,4.98,0.00,1.00,0.00,0.00,5297.21
2023-09-21,431.39,417.96,-0.0165,5209.65,3.21,0.00,1.00,0.00,0.00,5209.65
2023-09-22,430.42,418.11,-0.0022,5197.94,2.94,0.00,1.00,0.00,0.00,5197.94
2023-09-25,432.23,418.30,0.0042,5219.80,3.33,0.00,1.00,0.00,0.00,5219.80
2023-09-26,425.88,418.46,-0.0147,5143.11,1.77,0.00,1.00,0.00,0.00,5143.11
2023-09-27,426.05,418.61,0.0004,5145.17,1.78,0.00,1.00,0.00,0.00,5145.17
2023-09-28,428.52,418.79,0.0058,5174.99,2.32,0.00,1.00,0.00,0.00,5174.99
2023-09-29,427.48,418.93,-0.0024,5162.44,2.04,0.00,1.00,0.00,0.00,5162.44
2023-10-02,427.31,419.06,-0.0004,5160.38,1.97,0.00,1.00,0.00,0.00,5160.38
2023-10-03,421.59,419.17,-0.0134,5091.31,0.58,0.00,1.00,0.00,0.00,5091.31
2023-10-04,424.66,419.35,0.0073,5128.38,1.27,0.00,1.00,0.00,0.00,5128.38
2023-10-05,424.50,419.55,-0.0004,5126.45,1.18,0.00,1.00,0.00,0.00,5126.45
2023-10-06,429.54,419.80,0.0119,5187.31,2.32,0.00,1.00,0.00,0.00,5187.31
2023-10-09,432.29,420.06,0.0064,5220.52,2.91,0.00,1.00,0.00,0.00,5220.52
2023-10-10,434.54,420.30,0.0052,5247.69,3.39,0.00,1.00,0.00,0.00,5247.69
2023-10-11,436.32,420.58,0.0041,5269.19,3.74,0.00,1.00,0.00,0.00,5269.19
2023-10-12,433.66,420.83,-0.0061,5237.07,3.05,0.00,1.00,0.00,0.00,5237.07
2023-10-13,431.50,421.08,-0.0050,5210.98,2.47,0.00,1.00,0.00,0.00,5210.98
2023-10-16,436.04,421.38,0.0105,5265.81,3.48,0.00,1.00,0.00,0.00,5265.81
2023-10-17,436.02,421.64,-0.0000,5265.57,3.41,0.00,1.00,0.00,0.00,5265.57
2023-10-18,430.21,421.88,-0.0133,5195.40,1.97,0.00,1.00,0.00,0.00,5195.40
2023-10-19,426.43,422.11,-0.0088,5149.76,1.02,0.00,1.00,0.00,0.00,5149.76
2023-10-20,421.19,422.30,-0.0123,5086.47,-0.26,0.00,1.00,0.00,0.00,5086.47
2023-10-23,420.46,422.50,-0.0017,5077.66,-0.48,0.00,1.00,0.00,0.00,5077.66
2023-10-24,423.63,422.68,0.0075,5115.94,0.23,0.00,1.00,0.00,0.00,5115.94
2023-10-25,417.55,422.83,-0.0732,4741.22,-1.25,1.00,0.00,0.00,0.00,0.00
2023-10-26,412.55,422.94,-0.0120,4684.44,-2.46,0.00,1.00,0.00,0.00,4684.44
2023-10-27,410.68,423.01,-0.0045,4663.21,-2.92,0.00,1.00,0.00,0.00,4663.21
2023-10-30,415.59,423.11,0.0120,4718.96,-1.78,0.00,1.00,0.00,0.00,4718.96
2023-10-31,418.20,423.20,0.0063,4748.60,-1.18,0.00,1.00,0.00,0.00,4748.60
2023-11-01,422.66,423.33,0.0107,4799.24,-0.16,0.00,1.00,0.00,0.00,4799.24
2023-11-02,430.76,423.53,0.0192,4891.21,1.71,0.00,1.00,0.00,0.00,4891.21
2023-11-03,434.69,423.76,0.0353,5063.69,2.58,1.00,0.00,0.00,0.00,0.00
2023-11-06,435.69,423.95,0.0114,5121.63,2.77,1.00,0.00,0.00,0.00,0.00
2023-11-07,436.93,424.14,0.0282,5265.80,3.02,1.00,0.00,0.00,0.00,0.00
2023-11-08,437.25,424.32,0.0018,5275.23,3.05,1.00,0.00,0.00,0.00,0.00
2023-11-09,433.84,424.49,-0.0238,5149.92,2.20,1.00,0.00,0.00,0.00,0.00
2023-11-10,440.61,424.67,0.0667,5493.52,3.75,1.00,0.00,0.00,0.00,0.00
2023-11-13,440.19,424.84,-0.0091,5443.67,3.61,1.00,0.00,0.00,0.00,0.00
2023-11-14,448.73,425.08,0.0629,5785.92,5.56,1.00,0.00,0.00,0.00,0.00
2023-11-15,449.68,425.30,0.0028,5802.08,5.73,1.00,0.00,0.00,0.00,0.00
2023-11-16,450.23,425.49,0.0016,5811.52,5.81,1.00,0.00,0.00,0.00,0.00
2023-11-17,450.79,425.66,0.0007,5815.56,5.90,1.00,0.00,0.00,0.00,0.00
2023-11-20,454.26,425.87,0.0357,6023.07,6.67,1.00,0.00,0.00,0.00,0.00
2023-11-21,453.27,426.09,-0.0181,5913.92,6.38,1.00,0.00,0.00,0.00,0.00
2023-11-22,455.02,426.29,0.0116,5982.64,6.74,1.00,0.00,0.00,0.00,0.00
2023-11-24,455.30,426.51,-0.0050,5953.00,6.75,1.00,0.00,0.00,0.00,0.00
2023-11-27,454.48,426.75,-0.0029,5935.48,6.50,1.00,0.00,0.00,0.00,0.00
2023-11-28,454.93,426.99,0.0079,5982.64,6.54,1.00,0.00,0.00,0.00,0.00
2023-11-29,454.61,427.19,-0.0036,5961.08,6.42,1.00,0.00,0.00,0.00,0.00
2023-11-30,456.40,427.41,-0.0084,5911.23,6.78,1.00,0.00,0.00,0.00,0.00
2023-12-01,459.10,427.64,0.0084,5961.08,7.36,1.00,0.00,0.00,0.00,0.00
2023-12-04,456.69,427.88,-0.0285,5791.30,6.73,1.00,0.00,0.00,0.00,0.00
2023-12-05,456.60,428.13,0.0072,5833.08,6.65,1.00,0.00,0.00,0.00,0.00
2023-12-06,454.76,428.41,-0.0178,5729.32,6.15,1.00,0.00,0.00,0.00,0.00
2023-12-07,458.23,428.70,0.0419,5969.17,6.89,1.00,0.00,0.00,0.00,0.00
2023-12-08,460.20,429.00,0.0120,6040.58,7.27,1.00,0.00,0.00,0.00,0.00
2023-12-11,461.99,429.33,0.0254,6194.19,7.61,1.00,0.00,0.00,0.00,0.00
2023-12-12,464.10,429.66,0.0241,6343.76,8.02,1.00,0.00,0.00,0.00,0.00
2023-12-13,470.50,430.03,0.0353,6567.43,9.41,1.00,0.00,0.00,0.00,0.00
2023-12-14,472.01,430.42,-0.0016,6556.65,9.66,1.00,0.00,0.00,0.00,0.00
2023-12-15,469.33,430.78,0.0119,6634.80,8.95,1.00,0.00,0.00,0.00,0.00
2023-12-18,471.97,431.12,0.0209,6773.59,9.48,1.00,0.00,0.00,0.00,0.00
2023-12-19,474.84,431.47,0.0149,6874.65,10.05,1.00,0.00,0.00,0.00,0.00
2023-12-20,468.26,431.82,-0.0139,6779.38,8.44,0.00,1.00,0.00,0.00,6779.38
2023-12-21,472.70,432.19,0.0095,6843.67,9.37,0.00,1.00,0.00,0.00,6843.67
2023-12-22,473.65,432.60,0.0020,6857.42,9.49,0.00,1.00,0.00,0.00,6857.42
2023-12-26,475.65,433.05,0.0042,6886.38,9.84,0.00,1.00,0.00,0.00,6886.38
2023-12-27,476.51,433.50,0.0018,6898.83,9.92,0.00,1.00,0.00,0.00,6898.83
2023-12-28,476.69,433.93,0.0004,6901.43,9.86,0.00,1.00,0.00,0.00,6901.43
2023-12-29,475.31,434.36,-0.0029,6881.45,9.43,0.00,1.00,0.00,0.00,6881.45
2024-01-02,472.65,434.74,-0.0056,6842.94,8.72,0.00,1.00,0.00,0.00,6842.94
2024-01-03,468.79,435.13,-0.0082,6787.06,7.73,0.00,1.00,0.00,0.00,6787.06
2024-01-04,467.28,435.50,-0.0032,6765.20,7.30,0.00,1.00,0.00,0.00,6765.20
2024-01-05,467.92,435.85,0.0014,6774.46,7.36,0.00,1.00,0.00,0.00,6774.46
2024-01-08,474.60,436.26,0.0143,6871.17,8.79,0.00,1.00,0.00,0.00,6871.17
2024-01-09,473.88,436.66,-0.0015,6860.75,8.52,0.00,1.00,0.00,0.00,6860.75
2024-01-10,476.56,437.07,0.0057,6899.55,9.04,0.00,1.00,0.00,0.00,6899.55
2024-01-11,476.35,437.47,-0.0004,6896.51,8.89,0.00,1.00,0.00,0.00,6896.51
2024-01-12,476.68,437.87,0.0007,6901.29,8.86,0.00,1.00,0.00,0.00,6901.29
2024-01-16,474.93,438.24,-0.0037,6875.95,8.37,0.00,1.00,0.00,0.00,6875.95
2024-01-17,472.29,438.58,-0.0056,6837.73,7.69,0.00,1.00,0.00,0.00,6837.73
2024-01-18,476.49,438.92,0.0089,6898.54,8.56,0.00,1.00,0.00,0.00,6898.54
2024-01-19,482.43,439.27,0.0125,6984.53,9.82,0.00,1.00,0.00,0.00,6984.53
2024-01-22,483.45,439.65,0.0021,6999.30,9.96,0.00,1.00,0.00,0.00,6999.30
2024-01-23,484.86,440.03,0.0029,7019.72,10.19,0.00,1.00,0.00,0.00,7019.72
2024-01-24,485.39,440.42,0.0011,7027.39,10.21,0.00,1.00,0.00,0.00,7027.39
2024-01-25,488.03,440.81,0.0054,7065.61,10.71,0.00,1.00,0.00,0.00,7065.61
2024-01-26,487.41,441.20,-0.0013,7056.63,10.47,0.00,1.00,0.00,0.00,7056.63
2024-01-29,491.27,441.61,0.0079,7112.52,11.24,0.00,1.00,0.00,0.00,7112.52
2024-01-30,490.89,442.00,-0.0008,7107.02,11.06,0.00,1.00,0.00,0.00,7107.02
2024-01-31,482.88,442.35,-0.0163,6991.05,9.16,0.00,1.00,0.00,0.00,6991.05
2024-02-01,489.20,442.73,0.0131,7082.55,10.50,0.00,1.00,0.00,0.00,7082.55
2024-02-02,494.35,443.13,0.0105,7157.11,11.56,0.00,1.00,0.00,0.00,7157.11
2024-02-05,492.55,443.52,-0.0036,7131.05,11.05,0.00,1.00,0.00,0.00,7131.05
2024-02-06,493.98,443.93,0.0029,7151.75,11.27,0.00,1.00,0.00,0.00,7151.75
2024-02-07,498.10,444.36,0.0083,7211.40,12.09,0.00,1.00,0.00,0.00,7211.40
2024-02-08,498.32,444.79,0.0004,7214.59,12.04,0.00,1.00,0.00,0.00,7214.59
2024-02-09,501.20,445.26,0.0058,7256.28,12.56,0.00,1.00,0.00,0.00,7256.28
2024-02-12,500.98,445.75,-0.0004,7253.10,12.39,0.00,1.00,0.00,0.00,7253.10
2024-02-13,494.08,446.16,-0.0138,7153.20,10.74,0.00,1.00,0.00,0.00,7153.20
2024-02-14,498.57,446.57,0.0091,7218.21,11.64,0.00,1.00,0.00,0.00,7218.21
2024-02-15,502.01,447.00,0.0069,7268.01,12.31,0.00,1.00,0.00,0.00,7268.01
2024-02-16,499.51,447.44,-0.0050,7231.82,11.64,0.00,1.00,0.00,0.00,7231.82
2024-02-20,496.76,447.89,-0.0055,7192.00,10.91,0.00,1.00,0.00,0.00,7192.00
2024-02-21,497.21,448.35,0.0009,7198.52,10.90,0.00,1.00,0.00,0.00,7198.52
2024-02-22,507.50,448.82,0.0207,7347.49,13.07,0.00,1.00,0.00,0.00,7347.49
2024-02-23,507.85,449.30,0.0007,7352.56,13.03,0.00,1.00,0.00,0.00,7352.56
2024-02-26,505.99,449.77,-0.0037,7325.63,12.50,0.00,1.00,0.00,0.00,7325.63
2024-02-27,506.93,450.24,0.0019,7339.24,12.59,0.00,1.00,0.00,0.00,7339.24
2024-02-28,506.26,450.72,-0.0013,7329.54,12.32,0.00,1.00,0.00,0.00,7329.54
2024-02-29,508.08,451.20,0.0036,7355.89,12.61,0.00,1.00,0.00,0.00,7355.89
2024-03-01,512.85,451.70,0.0094,7424.95,13.54,0.00,1.00,0.00,0.00,7424.95
2024-03-04,512.30,452.21,-0.0011,7416.99,13.29,0.00,1.00,0.00,0.00,7416.99
2024-03-05,507.18,452.67,-0.0100,7342.86,12.04,0.00,1.00,0.00,0.00,7342.86
2024-03-06,509.75,453.12,0.0051,7380.07,12.50,0.00,1.00,0.00,0.00,7380.07
2024-03-07,514.81,453.60,0.0099,7453.33,13.49,0.00,1.00,0.00,0.00,7453.33
2024-03-08,511.72,454.07,-0.0060,7408.59,12.70,0.00,1.00,0.00,0.00,7408.59
2024-03-11,511.28,454.55,-0.0009,7402.22,12.48,0.00,1.00,0.00,0.00,7402.22
2024-03-12,516.78,455.08,0.0108,7481.85,13.56,0.00,1.00,0.00,0.00,7481.85
2024-03-13,515.97,455.59,-0.0016,7470.12,13.25,0.00,1.00,0.00,0.00,7470.12
2024-03-14,514.95,456.06,-0.0020,7455.35,12.91,0.00,1.00,0.00,0.00,7455.35
2024-03-15,509.83,456.51,-0.0069,7404.16,11.68,0.00,1.00,0.00,0.00,7404.16
2024-03-18,512.86,456.98,0.0059,7448.16,12.23,0.00,1.00,0.00,0.00,7448.16
2024-03-19,515.71,457.45,0.0056,7489.55,12.73,0.00,1.00,0.00,0.00,7489.55
2024-03-20,520.48,457.92,0.0092,7558.83,13.66,0.00,1.00,0.00,0.00,7558.83
2024-03-21,522.20,458.39,0.0033,7583.81,13.92,0.00,1.00,0.00,0.00,7583.81
2024-03-22,521.21,458.86,-0.0019,7569.43,13.59,0.00,1.00,0.00,0.00,7569.43
2024-03-25,519.77,459.32,-0.0028,7548.52,13.16,0.00,1.00,0.00,0.00,7548.52
2024-03-26,518.81,459.77,-0.0018,7534.58,12.84,0.00,1.00,0.00,0.00,7534.58
2024-03-27,523.17,460.24,0.0084,7597.89,13.67,0.00,1.00,0.00,0.00,7597.89
2024-03-28,523.07,460.68,-0.0002,7596.44,13.54,0.00,1.00,0.00,0.00,7596.44
2024-04-01,522.16,461.11,-0.0017,7583.23,13.24,0.00,1.00,0.00,0.00,7583.23
2024-04-02,518.84,461.52,-0.0064,7535.01,12.42,0.00,1.00,0.00,0.00,7535.01
2024-04-03,519.41,461.90,0.0011,7543.29,12.45,0.00,1.00,0.00,0.00,7543.29
2024-04-04,513.07,462.27,-0.0122,7451.21,10.99,0.00,1.00,0.00,0.00,7451.21
2024-04-05,518.43,462.68,0.0104,7529.06,12.05,0.00,1.00,0.00,0.00,7529.06
2024-04-08,518.72,463.10,0.0006,7533.27,12.01,0.00,1.00,0.00,0.00,7533.27
2024-04-09,519.32,463.51,0.0012,7541.98,12.04,0.00,1.00,0.00,0.00,7541.98
2024-04-10,514.12,463.92,-0.0100,7466.46,10.82,0.00,1.00,0.00,0.00,7466.46
2024-04-11,518.00,464.35,0.0075,7522.81,11.55,0.00,1.00,0.00,0.00,7522.81
2024-04-12,510.85,464.72,-0.0138,7418.97,9.93,0.00,1.00,0.00,0.00,7418.97
2024-04-15,504.45,465.06,-0.0125,7326.03,8.47,0.00,1.00,0.00,0.00,7326.03
2024-04-16,503.53,465.39,-0.0018,7312.67,8.20,0.00,1.00,0.00,0.00,7312.67
2024-04-17,500.55,465.68,-0.0059,7269.39,7.49,0.00,1.00,0.00,0.00,7269.39
2024-04-18,499.52,465.96,-0.0021,7254.43,7.20,0.00,1.00,0.00,0.00,7254.43
2024-04-19,495.16,466.22,-0.0087,7191.11,6.21,0.00,1.00,0.00,0.00,7191.11
2024-04-22,499.72,466.52,0.0092,7257.34,7.12,0.00,1.00,0.00,0.00,7257.34
2024-04-23,505.65,466.85,0.0119,7343.46,8.31,0.00,1.00,0.00,0.00,7343.46
2024-04-24,505.41,467.18,-0.0005,7339.97,8.18,0.00,1.00,0.00,0.00,7339.97
2024-04-25,503.49,467.49,-0.0038,7312.09,7.70,0.00,1.00,0.00,0.00,7312.09
2024-04-26,508.26,467.80,0.0095,7381.36,8.65,0.00,1.00,0.00,0.00,7381.36
2024-04-29,510.06,468.10,0.0035,7407.50,8.96,0.00,1.00,0.00,0.00,7407.50
2024-04-30,501.98,468.36,-0.0158,7290.16,7.18,0.00,1.00,0.00,0.00,7290.16
2024-05-01,500.35,468.61,-0.0032,7266.49,6.77,0.00,1.00,0.00,0.00,7266.49
2024-05-02,505.03,468.86,0.0094,7334.45,7.71,0.00,1.00,0.00,0.00,7334.45
2024-05-03,511.29,469.14,0.0124,7425.36,8.98,0.00,1.00,0.00,0.00,7425.36
2024-05-06,516.57,469.47,0.0103,7502.04,10.03,0.00,1.00,0.00,0.00,7502.04
2024-05-07,517.14,469.79,0.0011,7510.32,10.08,0.00,1.00,0.00,0.00,7510.32
2024-05-08,517.19,470.11,0.0001,7511.05,10.02,0.00,1.00,0.00,0.00,7511.05
2024-05-09,520.17,470.43,0.0058,7554.33,10.57,0.00,1.00,0.00,0.00,7554.33
2024-05-10,520.84,470.76,0.0013,7564.06,10.64,0.00,1.00,0.00,0.00,7564.06
2024-05-13,520.91,471.10,0.0001,7565.07,10.57,0.00,1.00,0.00,0.00,7565.07
2024-05-14,523.30,471.43,0.0046,7599.78,11.00,0.00,1.00,0.00,0.00,7599.78
2024-05-15,529.78,471.79,0.0124,7693.89,12.29,0.00,1.00,0.00,0.00,7693.89
2024-05-16,528.69,472.15,-0.0021,7678.06,11.97,0.00,1.00,0.00,0.00,7678.06
2024-05-17,529.45,472.55,0.0014,7689.10,12.04,0.00,1.00,0.00,0.00,7689.10
2024-05-20,530.06,472.95,0.0012,7697.96,12.07,0.00,1.00,0.00,0.00,7697.96
2024-05-21,531.36,473.38,0.0025,7716.84,12.25,0.00,1.00,0.00,0.00,7716.84
2024-05-22,529.83,473.77,-0.0029,7694.62,11.83,0.00,1.00,0.00,0.00,7694.62
2024-05-23,525.96,474.16,-0.0073,7638.41,10.92,0.00,1.00,0.00,0.00,7638.41
2024-05-24,529.44,474.58,0.0066,7688.95,11.56,0.00,1.00,0.00,0.00,7688.95
2024-05-28,529.81,475.00,0.0007,7694.33,11.54,0.00,1.00,0.00,0.00,7694.33
2024-05-29,526.10,475.40,-0.0070,7640.45,10.67,0.00,1.00,0.00,0.00,7640.45
2024-05-30,522.61,475.77,-0.0066,7589.76,9.84,0.00,1.00,0.00,0.00,7589.76
2024-05-31,527.37,476.19,0.0091,7658.89,10.75,0.00,1.00,0.00,0.00,7658.89
2024-06-03,527.80,476.63,0.0008,7665.13,10.73,0.00,1.00,0.00,0.00,7665.13
2024-06-04,528.39,477.09,0.0011,7673.70,10.75,0.00,1.00,0.00,0.00,7673.70
2024-06-05,534.67,477.59,0.0119,7764.91,11.95,0.00,1.00,0.00,0.00,7764.91
2024-06-06,534.66,478.06,-0.0000,7764.76,11.84,0.00,1.00,0.00,0.00,7764.76
2024-06-07,534.01,478.54,-0.0012,7755.32,11.59,0.00,1.00,0.00,0.00,7755.32
2024-06-10,535.66,479.00,0.0031,7779.29,11.83,0.00,1.00,0.00,0.00,7779.29
2024-06-11,536.95,479.51,0.0024,7798.02,11.98,0.00,1.00,0.00,0.00,7798.02
2024-06-12,541.36,480.01,0.0082,7862.06,12.78,0.00,1.00,0.00,0.00,7862.06
2024-06-13,542.45,480.51,0.0020,7877.90,12.89,0.00,1.00,0.00,0.00,7877.90
2024-06-14,542.78,480.98,0.0006,7882.69,12.85,0.00,1.00,0.00,0.00,7882.69
2024-06-17,547.10,481.46,0.0080,7945.43,13.63,0.00,1.00,0.00,0.00,7945.43
2024-06-18,548.49,481.95,0.0025,7965.61,13.81,0.00,1.00,0.00,0.00,7965.61
2024-06-20,547.00,482.43,-0.0027,7943.97,13.38,0.00,1.00,0.00,0.00,7943.97
2024-06-21,544.51,482.91,-0.0013,7933.32,12.76,0.00,1.00,0.00,0.00,7933.32
2024-06-24,542.74,483.39,-0.0033,7907.53,12.28,0.00,1.00,0.00,0.00,7907.53
2024-06-25,544.83,483.89,0.0039,7937.99,12.59,0.00,1.00,0.00,0.00,7937.99
2024-06-26,545.51,484.39,0.0012,7947.89,12.62,0.00,1.00,0.00,0.00,7947.89
2024-06-27,546.37,484.88,0.0016,7960.42,12.68,0.00,1.00,0.00,0.00,7960.42
2024-06-28,544.22,485.37,-0.0039,7929.10,12.13,0.00,1.00,0.00,0.00,7929.10
2024-07-01,545.34,485.86,0.0021,7945.42,12.24,0.00,1.00,0.00,0.00,7945.42
2024-07-02,549.01,486.36,0.0067,7998.89,12.88,0.00,1.00,0.00,0.00,7998.89
2024-07-03,551.46,486.90,0.0045,8034.58,13.26,0.00,1.00,0.00,0.00,8034.58
2024-07-05,554.64,487.45,0.0058,8080.91,13.78,0.00,1.00,0.00,0.00,8080.91
2024-07-08,555.28,488.01,0.0012,8090.24,13.78,0.00,1.00,0.00,0.00,8090.24
2024-07-09,555.82,488.60,0.0010,8098.11,13.76,0.00,1.00,0.00,0.00,8098.11
2024-07-10,561.32,489.25,0.0099,8178.24,14.73,0.00,1.00,0.00,0.00,8178.24
2024-07-11,556.48,489.88,-0.0086,8107.72,13.60,0.00,1.00,0.00,0.00,8107.72
2024-07-12,559.99,490.52,0.0063,8158.86,14.16,0.00,1.00,0.00,0.00,8158.86
2024-07-15,561.53,491.20,0.0028,8181.30,14.32,0.00,1.00,0.00,0.00,8181.30
2024-07-16,564.86,491.89,0.0059,8229.81,14.83,0.00,1.00,0.00,0.00,8229.81
2024-07-17,556.94,492.53,-0.0140,8114.42,13.08,0.00,1.00,0.00,0.00,8114.42
2024-07-18,552.66,493.16,-0.0077,8052.07,12.07,0.00,1.00,0.00,0.00,8052.07
2024-07-19,548.99,493.77,-0.0066,7998.60,11.18,0.00,1.00,0.00,0.00,7998.60
2024-07-22,554.65,494.43,0.0103,8081.06,12.18,0.00,1.00,0.00,0.00,8081.06
2024-07-23,553.78,495.08,-0.0016,8068.38,11.86,0.00,1.00,0.00,0.00,8068.38
2024-07-24,541.23,495.66,-0.0227,7885.54,9.19,0.00,1.00,0.00,0.00,7885.54
2024-07-25,538.41,496.21,-0.0052,7844.45,8.51,0.00,1.00,0.00,0.00,7844.45
2024-07-26,544.44,496.77,0.0112,7932.30,9.60,0.00,1.00,0.00,0.00,7932.30
2024-07-29,544.76,497.32,0.0006,7936.97,9.54,0.00,1.00,0.00,0.00,7936.97
2024-07-30,542.00,497.85,-0.0051,7896.75,8.87,0.00,1.00,0.00,0.00,7896.75
2024-07-31,550.81,498.43,0.0163,8025.11,10.51,0.00,1.00,0.00,0.00,8025.11
2024-08-01,543.01,498.99,-0.0142,7911.47,8.82,0.00,1.00,0.00,0.00,7911.47
2024-08-02,532.90,499.47,-0.0186,7764.17,6.69,0.00,1.00,0.00,0.00,7764.17
2024-08-05,517.38,499.88,-0.0291,7538.05,3.50,0.00,1.00,0.00,0.00,7538.05
2024-08-06,522.15,500.34,0.0092,7607.55,4.36,0.00,1.00,0.00,0.00,7607.55
2024-08-07,518.66,500.80,-0.0067,7556.70,3.57,0.00,1.00,0.00,0.00,7556.70
2024-08-08,530.65,501.35,0.0231,7731.39,5.84,0.00,1.00,0.00,0.00,7731.39
2024-08-09,532.99,501.91,0.0044,7765.48,6.19,0.00,1.00,0.00,0.00,7765.48
2024-08-12,533.27,502.46,0.0005,7769.56,6.13,0.00,1.00,0.00,0.00,7769.56
2024-08-13,542.04,503.08,0.0164,7897.33,7.74,0.00,1.00,0.00,0.00,7897.33
2024-08-14,543.75,503.74,0.0032,7922.25,7.94,0.00,1.00,0.00,0.00,7922.25
2024-08-15,553.07,504.45,0.0171,8058.04,9.64,0.00,1.00,0.00,0.00,8058.04
2024-08-16,554.31,505.14,0.0022,8076.11,9.73,0.00,1.00,0.00,0.00,8076.11
2024-08-19,559.61,505.85,0.0096,8153.32,10.63,0.00,1.00,0.00,0.00,8153.32
2024-08-20,558.70,506.53,-0.0016,8140.07,10.30,0.00,1.00,0.00,0.00,8140.07
2024-08-21,560.62,507.18,0.0034,8168.04,10.54,0.00,1.00,0.00,0.00,8168.04
2024-08-22,556.22,507.79,-0.0078,8103.93,9.54,0.00,1.00,0.00,0.00,8103.93
2024-08-23,562.13,508.42,0.0106,8190.04,10.56,0.00,1.00,0.00,0.00,8190.04
2024-08-26,560.79,509.04,-0.0024,8170.52,10.17,0.00,1.00,0.00,0.00,8170.52
2024-08-27,561.56,509.66,0.0014,8181.74,10.18,0.00,1.00,0.00,0.00,8181.74
2024-08-28,558.30,510.28,-0.0058,8134.24,9.41,0.00,1.00,0.00,0.00,8134.24
2024-08-29,558.35,510.87,0.0001,8134.97,9.29,0.00,1.00,0.00,0.00,8134.97
2024-08-30,563.68,511.49,0.0095,8212.62,10.20,0.00,1.00,0.00,0.00,8212.62
2024-09-03,552.08,512.01,-0.0206,8043.62,7.83,0.00,1.00,0.00,0.00,8043.62
2024-09-04,550.95,512.51,-0.0020,8027.15,7.50,0.00,1.00,0.00,0.00,8027.15
2024-09-05,549.61,513.01,-0.0024,8007.63,7.13,0.00,1.00,0.00,0.00,8007.63
2024-09-06,540.36,513.46,-0.0168,7872.86,5.24,0.00,1.00,0.00,0.00,7872.86
2024-09-09,546.41,513.92,0.0112,7961.01,6.32,0.00,1.00,0.00,0.00,7961.01
2024-09-10,548.79,514.40,0.0044,7995.68,6.69,0.00,1.00,0.00,0.00,7995.68
2024-09-11,554.42,514.89,0.0103,8077.71,7.68,0.00,1.00,0.00,0.00,8077.71
2024-09-12,559.09,515.41,0.0084,8145.75,8.47,0.00,1.00,0.00,0.00,8145.75
2024-09-13,562.01,515.95,0.0052,8188.29,8.93,0.00,1.00,0.00,0.00,8188.29
2024-09-16,562.84,516.49,0.0015,8200.38,8.97,0.00,1.00,0.00,0.00,8200.38
2024-09-17,563.07,517.03,0.0004,8203.74,8.90,0.00,1.00,0.00,0.00,8203.74
2024-09-18,561.40,517.56,-0.0030,8179.41,8.47,0.00,1.00,0.00,0.00,8179.41
2024-09-19,570.98,518.12,0.0171,8318.98,10.20,0.00,1.00,0.00,0.00,8318.98
2024-09-20,568.25,518.67,-0.0017,8304.60,9.56,0.00,1.00,0.00,0.00,8304.60
2024-09-23,569.67,519.24,0.0025,8325.35,9.71,0.00,1.00,0.00,0.00,8325.35
2024-09-24,571.30,519.82,0.0029,8349.18,9.90,0.00,1.00,0.00,0.00,8349.18
2024-09-25,570.04,520.38,-0.0022,8330.76,9.54,0.00,1.00,0.00,0.00,8330.76
2024-09-26,572.30,520.94,0.0040,8363.79,9.86,0.00,1.00,0.00,0.00,8363.79
2024-09-27,571.47,521.49,-0.0015,8351.66,9.58,0.00,1.00,0.00,0.00,8351.66
2024-09-30,573.76,522.04,0.0040,8385.13,9.91,0.00,1.00,0.00,0.00,8385.13
2024-10-01,568.62,522.53,-0.0090,8310.01,8.82,0.00,1.00,0.00,0.00,8310.01
2024-10-02,568.86,523.01,0.0004,8313.52,8.77,0.00,1.00,0.00,0.00,8313.52
2024-10-03,567.82,523.50,-0.0018,8298.32,8.47,0.00,1.00,0.00,0.00,8298.32
2024-10-04,572.98,524.01,0.0091,8373.73,9.35,0.00,1.00,0.00,0.00,8373.73
2024-10-07,567.80,524.47,-0.0090,8298.02,8.26,0.00,1.00,0.00,0.00,8298.02
2024-10-08,573.17,525.00,0.0095,8376.50,9.18,0.00,1.00,0.00,0.00,8376.50
2024-10-09,577.14,525.52,0.0069,8434.52,9.82,0.00,1.00,0.00,0.00,8434.52
2024-10-10,576.13,526.03,-0.0018,8419.76,9.52,0.00,1.00,0.00,0.00,8419.76
2024-10-11,579.58,526.55,0.0060,8470.18,10.07,0.00,1.00,0.00,0.00,8470.18
2024-10-14,584.32,527.09,0.0082,8539.45,10.86,0.00,1.00,0.00,0.00,8539.45
2024-10-15,579.78,527.61,-0.0078,8473.11,9.89,0.00,1.00,0.00,0.00,8473.11
2024-10-16,582.30,528.14,0.0043,8509.93,10.25,0.00,1.00,0.00,0.00,8509.93
2024-10-17,582.35,528.69,0.0001,8510.66,10.15,0.00,1.00,0.00,0.00,8510.66
2024-10-18,584.59,529.27,0.0038,8543.40,10.45,0.00,1.00,0.00,0.00,8543.40
2024-10-21,583.63,529.85,-0.0016,8529.37,10.15,0.00,1.00,0.00,0.00,8529.37
2024-10-22,583.32,530.43,-0.0005,8524.84,9.97,0.00,1.00,0.00,0.00,8524.84
2024-10-23,577.99,530.95,-0.0091,8446.94,8.86,0.00,1.00,0.00,0.00,8446.94
2024-10-24,579.24,531.47,0.0022,8465.21,8.99,0.00,1.00,0.00,0.00,8465.21
2024-10-25,579.04,531.98,-0.0003,8462.29,8.85,0.00,1.00,0.00,0.00,8462.29
2024-10-28,580.83,532.51,0.0031,8488.45,9.07,0.00,1.00,0.00,0.00,8488.45
2024-10-29,581.77,533.03,0.0016,8502.19,9.14,0.00,1.00,0.00,0.00,8502.19
2024-10-30,580.01,533.56,-0.0030,8476.47,8.71,0.00,1.00,0.00,0.00,8476.47
2024-10-31,568.64,534.04,-0.0196,8310.30,6.48,0.00,1.00,0.00,0.00,8310.30
2024-11-01,571.04,534.51,0.0042,8345.38,6.83,0.00,1.00,0.00,0.00,8345.38
2024-11-04,569.81,534.95,-0.0022,8327.40,6.52,0.00,1.00,0.00,0.00,8327.40
2024-11-05,576.70,535.42,0.0121,8428.09,7.71,0.00,1.00,0.00,0.00,8428.09
2024-11-06,591.04,535.95,0.0249,8637.66,10.28,0.00,1.00,0.00,0.00,8637.66
2024-11-07,595.61,536.50,0.0077,8704.45,11.02,0.00,1.00,0.00,0.00,8704.45
2024-11-08,598.19,537.05,0.0043,8742.15,11.38,0.00,1.00,0.00,0.00,8742.15
2024-11-11,598.76,537.61,0.0010,8750.48,11.38,0.00,1.00,0.00,0.00,8750.48
2024-11-12,596.90,538.13,-0.0031,8723.30,10.92,0.00,1.00,0.00,0.00,8723.30
2024-11-13,597.19,538.66,0.0005,8727.54,10.86,0.00,1.00,0.00,0.00,8727.54
2024-11-14,593.35,539.22,-0.0064,8671.42,10.04,0.00,1.00,0.00,0.00,8671.42
2024-11-15,585.75,539.70,-0.0128,8560.35,8.53,0.00,1.00,0.00,0.00,8560.35
2024-11-18,588.15,540.17,0.0041,8595.43,8.88,0.00,1.00,0.00,0.00,8595.43
2024-11-19,590.30,540.66,0.0037,8626.85,9.18,0.00,1.00,0.00,0.00,8626.85
2024-11-20,590.50,541.14,0.0003,8629.77,9.12,0.00,1.00,0.00,0.00,8629.77
2024-11-21,593.67,541.62,0.0054,8676.10,9.61,0.00,1.00,0.00,0.00,8676.10
2024-11-22,595.51,542.10,0.0031,8702.99,9.85,0.00,1.00,0.00,0.00,8702.99
2024-11-25,597.53,542.59,0.0034,8732.51,10.13,0.00,1.00,0.00,0.00,8732.51
2024-11-26,600.65,543.08,0.0052,8778.11,10.60,0.00,1.00,0.00,0.00,8778.11
2024-11-27,598.83,543.61,-0.0030,8751.51,10.16,0.00,1.00,0.00,0.00,8751.51
2024-11-29,602.55,544.13,0.0062,8805.87,10.74,0.00,1.00,0.00,0.00,8805.87
2024-12-02,603.63,544.64,0.0018,8821.66,10.83,0.00,1.00,0.00,0.00,8821.66
2024-12-03,603.91,545.16,0.0005,8825.75,10.78,0.00,1.00,0.00,0.00,8825.75
2024-12-04,607.66,545.71,0.0062,8880.55,11.35,0.00,1.00,0.00,0.00,8880.55
2024-12-05,606.66,546.26,-0.0016,8865.94,11.06,0.00,1.00,0.00,0.00,8865.94
2024-12-06,607.81,546.76,0.0019,8882.74,11.17,0.00,1.00,0.00,0.00,8882.74
2024-12-09,604.68,547.25,-0.0051,8837.00,10.50,0.00,1.00,0.00,0.00,8837.00
2024-12-10,602.80,547.73,-0.0031,8809.53,10.05,0.00,1.00,0.00,0.00,8809.53
2024-12-11,607.46,548.23,0.0077,8877.63,10.80,0.00,1.00,0.00,0.00,8877.63
2024-12-12,604.33,548.72,-0.0052,8831.89,10.13,0.00,1.00,0.00,0.00,8831.89
2024-12-13,604.21,549.20,-0.0002,8830.13,10.02,0.00,1.00,0.00,0.00,8830.13
2024-12-16,606.79,549.67,0.0043,8867.84,10.39,0.00,1.00,0.00,0.00,8867.84
2024-12-17,604.29,550.13,-0.0041,8831.30,9.84,0.00,1.00,0.00,0.00,8831.30
2024-12-18,586.28,550.53,-0.0298,8568.10,6.49,0.00,1.00,0.00,0.00,8568.10
2024-12-19,586.10,550.91,-0.0003,8565.47,6.39,0.00,1.00,0.00,0.00,8565.47
2024-12-20,591.15,551.29,0.0120,8668.35,7.23,0.00,1.00,0.00,0.00,8668.35
2024-12-23,594.69,551.71,0.0060,8720.26,7.79,0.00,1.00,0.00,0.00,8720.26
2024-12-24,601.30,552.16,0.0111,8817.18,8.90,0.00,1.00,0.00,0.00,8817.18
2024-12-26,601.34,552.58,0.0001,8817.77,8.82,0.00,1.00,0.00,0.00,8817.77
2024-12-27,595.01,552.97,-0.0105,8724.95,7.60,0.00,1.00,0.00,0.00,8724.95
2024-12-30,588.22,553.34,-0.0114,8625.38,6.30,0.00,1.00,0.00,0.00,8625.38
2024-12-31,586.08,553.72,-0.0036,8594.00,5.84,0.00,1.00,0.00,0.00,8594.00
2025-01-02,584.64,554.08,-0.0025,8572.89,5.52,0.00,1.00,0.00,0.00,8572.89
2025-01-03,591.95,554.46,0.0125,8680.08,6.76,0.00,1.00,0.00,0.00,8680.08
2025-01-06,595.36,554.84,0.0058,8730.08,7.30,0.00,1.00,0.00,0.00,8730.08
2025-01-07,588.63,555.17,-0.0113,8631.40,6.03,0.00,1.00,0.00,0.00,8631.40
2025-01-08,589.49,555.51,0.0015,8644.01,6.12,0.00,1.00,0.00,0.00,8644.01
2025-01-10,580.49,555.81,-0.0153,8512.03,4.44,0.00,1.00,0.00,0.00,8512.03
2025-01-13,581.39,556.13,0.0016,8525.23,4.54,0.00,1.00,0.00,0.00,8525.23
2025-01-14,582.19,556.42,0.0014,8536.96,4.63,0.00,1.00,0.00,0.00,8536.96
2025-01-15,592.78,556.77,0.0182,8692.25,6.47,0.00,1.00,0.00,0.00,8692.25
2025-01-16,591.64,557.12,-0.0019,8675.53,6.20,0.00,1.00,0.00,0.00,8675.53
2025-01-17,597.58,557.51,0.0100,8762.63,7.19,0.00,1.00,0.00,0.00,8762.63
2025-01-21,603.05,557.93,0.0092,8842.84,8.09,0.00,1.00,0.00,0.00,8842.84
2025-01-22,606.44,558.40,0.0056,8892.55,8.60,0.00,1.00,0.00,0.00,8892.55
2025-01-23,609.75,558.85,0.0055,8941.09,9.11,0.00,1.00,0.00,0.00,8941.09
2025-01-24,607.97,559.30,-0.0029,8914.99,8.70,0.00,1.00,0.00,0.00,8914.99
2025-01-27,599.37,559.70,-0.0141,8788.88,7.09,0.00,1.00,0.00,0.00,8788.88
2025-01-28,604.52,560.15,0.0086,8864.40,7.92,0.00,1.00,0.00,0.00,8864.40
2025-01-29,601.81,560.57,-0.0045,8824.66,7.36,0.00,1.00,0.00,0.00,8824.66
2025-01-30,605.04,561.04,0.0054,8872.02,7.84,0.00,1.00,0.00,0.00,8872.02
2025-01-31,601.82,561.53,-0.0053,8824.81,7.18,0.00,1.00,0.00,0.00,8824.81
2025-02-03,597.77,562.00,-0.0067,8765.42,6.36,0.00,1.00,0.00,0.00,8765.42
2025-02-04,601.78,562.51,0.0067,8824.22,6.98,0.00,1.00,0.00,0.00,8824.22
2025-02-05,604.22,563.03,0.0041,8860.00,7.32,0.00,1.00,0.00,0.00,8860.00
2025-02-06,606.32,563.59,0.0035,8890.79,7.58,0.00,1.00,0.00,0.00,8890.79
2025-02-07,600.77,564.09,-0.0092,8809.41,6.50,0.00,1.00,0.00,0.00,8809.41
2025-02-10,604.85,564.59,0.0068,8869.24,7.13,0.00,1.00,0.00,0.00,8869.24
2025-02-11,605.31,565.09,0.0008,8875.98,7.12,0.00,1.00,0.00,0.00,8875.98
2025-02-12,603.36,565.59,-0.0032,8847.39,6.68,0.00,1.00,0.00,0.00,8847.39
2025-02-13,609.73,566.09,0.0106,8940.79,7.71,0.00,1.00,0.00,0.00,8940.79
2025-02-14,609.70,566.59,-0.0000,8940.35,7.61,0.00,1.00,0.00,0.00,8940.35
2025-02-18,611.49,567.14,0.0029,8966.60,7.82,0.00,1.00,0.00,0.00,8966.60
2025-02-19,612.93,567.70,0.0024,8987.72,7.97,0.00,1.00,0.00,0.00,8987.72
2025-02-20,610.38,568.23,-0.0042,8950.33,7.42,0.00,1.00,0.00,0.00,8950.33
2025-02-21,599.94,568.67,-0.0171,8797.24,5.50,0.00,1.00,0.00,0.00,8797.24
2025-02-24,597.21,569.07,-0.0046,8757.21,4.94,0.00,1.00,0.00,0.00,8757.21
2025-02-25,594.24,569.46,-0.0050,8713.66,4.35,0.00,1.00,0.00,0.00,8713.66
2025-02-26,594.54,569.85,0.0005,8718.05,4.33,0.00,1.00,0.00,0.00,8718.05
2025-02-27,585.05,570.17,-0.0160,8578.90,2.61,0.00,1.00,0.00,0.00,8578.90
2025-02-28,594.18,570.54,0.0156,8712.78,4.14,0.00,1.00,0.00,0.00,8712.78
2025-03-03,583.77,570.85,-0.0175,8560.13,2.26,0.00,1.00,0.00,0.00,8560.13
2025-03-04,576.86,571.12,-0.0118,8458.80,1.01,0.00,1.00,0.00,0.00,8458.80
2025-03-05,583.06,571.39,0.0107,8549.72,2.04,0.00,1.00,0.00,0.00,8549.72
2025-03-06,572.71,571.61,-0.0178,8397.95,0.19,0.00,1.00,0.00,0.00,8397.95
2025-03-07,575.92,571.84,0.0056,8445.02,0.71,0.00,1.00,0.00,0.00,8445.02
2025-03-10,560.58,571.99,-0.0266,8220.08,-1.99,0.00,1.00,0.00,0.00,8220.08
2025-03-11,555.92,572.11,-0.0083,8151.75,-2.83,0.00,1.00,0.00,0.00,8151.75
2025-03-12,558.87,572.26,0.0053,8195.01,-2.34,0.00,1.00,0.00,0.00,8195.01
2025-03-13,551.42,572.39,-0.0133,8085.76,-3.66,0.00,1.00,0.00,0.00,8085.76
2025-03-14,562.81,572.55,0.0207,8252.78,-1.70,0.00,1.00,0.00,0.00,8252.78
2025-03-17,567.15,572.74,0.0077,8316.42,-0.98,0.00,1.00,0.00,0.00,8316.42
2025-03-18,561.02,572.91,-0.0108,8226.53,-2.08,0.00,1.00,0.00,0.00,8226.53
2025-03-19,567.13,573.14,0.0109,8316.13,-1.05,0.00,1.00,0.00,0.00,8316.13
2025-03-20,565.49,573.33,-0.0029,8292.08,-1.37,0.00,1.00,0.00,0.00,8292.08
2025-03-21,563.98,573.51,0.0003,8294.82,-1.66,0.00,1.00,0.00,0.00,8294.82
2025-03-24,574.08,573.74,0.0179,8443.36,0.06,0.00,1.00,0.00,0.00,8443.36
2025-03-25,575.46,573.94,0.0178,8594.02,0.26,1.00,0.00,0.00,0.00,0.00
2025-03-26,568.59,574.11,-0.0556,8116.12,-0.96,1.00,0.00,0.00,0.00,0.00
2025-03-27,567.08,574.28,-0.0027,8094.57,-1.25,0.00,1.00,0.00,0.00,8094.57
2025-03-28,555.66,574.38,-0.0201,7931.56,-3.26,0.00,1.00,0.00,0.00,7931.56
2025-03-31,559.39,574.49,0.0067,7984.80,-2.63,0.00,1.00,0.00,0.00,7984.80
2025-04-01,560.97,574.59,0.0028,8007.35,-2.37,0.00,1.00,0.00,0.00,8007.35
2025-04-02,564.52,574.70,0.0063,8058.03,-1.77,0.00,1.00,0.00,0.00,8058.03
2025-04-03,536.70,574.67,-0.0493,7660.92,-6.61,0.00,1.00,0.00,0.00,7660.92
2025-04-04,505.28,574.46,-0.0585,7212.43,-12.04,0.00,1.00,0.00,0.00,7212.43
2025-04-07,504.38,574.24,0.0039,7240.51,-12.17,0.00,0.00,1.00,7240.51,0.00
2025-04-08,496.48,573.98,-0.0570,6828.02,-13.50,0.00,0.00,1.00,6828.02,0.00
2025-04-09,548.62,574.00,0.3524,9234.50,-4.42,0.00,0.00,1.00,9234.50,0.00
2025-04-10,524.58,573.91,-0.1230,8098.84,-8.60,0.00,0.00,1.00,8098.84,0.00
2025-04-11,533.94,573.86,0.0529,8527.13,-6.96,0.00,0.00,1.00,8527.13,0.00
2025-04-14,539.12,573.83,0.0210,8706.17,-6.05,0.00,0.00,1.00,8706.17,0.00
2025-04-15,537.61,573.78,0.0038,8739.52,-6.30,0.00,0.00,1.00,8739.52,0.00
2025-04-16,525.66,573.69,-0.0904,7949.64,-8.37,0.00,0.00,1.00,7949.64,0.00
2025-04-17,526.41,573.60,-0.0029,7926.82,-8.23,0.00,0.00,1.00,7926.82,0.00
2025-04-21,513.88,573.42,-0.0731,7347.58,-10.38,0.00,0.00,1.00,7347.58,0.00
2025-04-22,527.25,573.30,0.0764,7909.27,-8.03,0.00,0.00,1.00,7909.27,0.00
2025-04-23,535.42,573.20,0.0664,8434.10,-6.59,0.00,0.00,1.00,8434.10,0.00
2025-04-24,546.69,573.16,0.0851,9152.01,-4.62,0.00,0.00,1.00,9152.01,0.00
2025-04-25,550.64,573.13,0.0330,9453.91,-3.92,0.00,0.00,1.00,9453.91,0.00
2025-04-28,550.85,573.08,-0.0007,9446.89,-3.88,0.00,0.00,1.00,9446.89,0.00
2025-04-29,554.32,573.07,0.0195,9631.20,-3.27,0.00,0.00,1.00,9631.20,0.00
2025-04-30,554.54,573.04,0.0002,9632.95,-3.23,0.00,0.00,1.00,9632.95,0.00
2025-05-01,558.47,573.03,0.0344,9964.70,-2.54,0.00,0.00,1.00,9964.70,0.00
2025-05-02,566.76,573.04,0.0469,10431.60,-1.10,0.00,0.00,1.00,10431.60,0.00
2025-05-05,563.51,573.07,-0.0173,10250.81,-1.67,0.00,0.00,1.00,10250.81,0.00
2025-05-06,558.80,573.10,-0.0284,9959.43,-2.50,0.00,0.00,1.00,9959.43,0.00
2025-05-07,561.15,573.16,0.0116,10075.28,-2.10,0.00,0.00,1.00,10075.28,0.00
2025-05-08,565.06,573.21,0.0298,10375.43,-1.42,0.00,0.00,1.00,10375.43,0.00
2025-05-09,564.34,573.27,-0.0024,10350.86,-1.56,0.00,0.00,1.00,10350.86,0.00
2025-05-12,582.99,573.48,0.1211,11604.13,1.66,0.00,0.00,1.00,11604.13,0.00
2025-05-13,586.84,573.72,0.0458,12135.97,2.29,1.00,0.00,0.00,0.00,0.00
2025-05-14,587.59,573.93,0.0176,12350.12,2.38,1.00,0.00,0.00,0.00,0.00
2025-05-15,590.46,574.16,0.0031,12388.74,2.84,1.00,0.00,0.00,0.00,0.00
2025-05-16,594.20,574.42,0.0123,12541.44,3.44,1.00,0.00,0.00,0.00,0.00
2025-05-19,594.85,574.64,0.0027,12574.79,3.52,1.00,0.00,0.00,0.00,0.00
2025-05-20,592.85,574.89,-0.0105,12443.15,3.12,1.00,0.00,0.00,0.00,0.00
2025-05-21,582.86,575.14,-0.0416,11925.34,1.34,1.00,0.00,0.00,0.00,0.00
2025-05-22,583.09,575.47,0.0052,11986.78,1.32,1.00,0.00,0.00,0.00,0.00
2025-05-23,579.11,575.76,-0.0288,11640.99,0.58,1.00,0.00,0.00,0.00,0.00
2025-05-27,591.15,576.12,0.0697,12451.92,2.61,1.00,0.00,0.00,0.00,0.00
2025-05-28,587.73,576.40,-0.0128,12292.20,1.96,1.00,0.00,0.00,0.00,0.00
2025-05-29,590.05,576.69,0.0049,12351.88,2.32,1.00,0.00,0.00,0.00,0.00
2025-05-30,589.39,576.97,-0.0053,12286.93,2.15,1.00,0.00,0.00,0.00,0.00
2025-06-02,592.71,577.22,0.0230,12569.53,2.68,1.00,0.00,0.00,0.00,0.00
2025-06-03,596.09,577.49,0.0233,12862.66,3.22,1.00,0.00,0.00,0.00,0.00
2025-06-04,595.93,577.70,0.0081,12966.22,3.16,1.00,0.00,0.00,0.00,0.00
2025-06-05,593.05,577.89,-0.0233,12664.31,2.62,1.00,0.00,0.00,0.00,0.00
2025-06-06,599.14,578.09,0.0286,13025.90,3.64,1.00,0.00,0.00,0.00,0.00
2025-06-09,599.68,578.30,0.0044,13083.82,3.70,1.00,0.00,0.00,0.00,0.00
2025-06-10,603.08,578.51,0.0193,13336.59,4.25,1.00,0.00,0.00,0.00,0.00
2025-06-11,601.36,578.73,-0.0103,13199.67,3.91,1.00,0.00,0.00,0.00,0.00
2025-06-12,603.75,578.94,0.0065,13285.68,4.29,1.00,0.00,0.00,0.00,0.00
2025-06-13,597.00,579.12,-0.0378,12783.67,3.09,1.00,0.00,0.00,0.00,0.00
2025-06-16,602.68,579.33,0.0408,13304.99,4.03,1.00,0.00,0.00,0.00,0.00
2025-06-17,597.53,579.52,-0.0296,12911.81,3.11,1.00,0.00,0.00,0.00,0.00
2025-06-18,597.44,579.72,-0.0014,12894.25,3.06,1.00,0.00,0.00,0.00,0.00
2025-06-20,594.28,579.87,-0.0137,12716.97,2.48,1.00,0.00,0.00,0.00,0.00
2025-06-23,600.15,580.11,0.0311,13111.91,3.45,1.00,0.00,0.00,0.00,0.00
2025-06-24,606.78,580.39,0.0455,13708.70,4.55,1.00,0.00,0.00,0.00,0.00
2025-06-25,607.12,580.68,0.0077,13813.96,4.55,1.00,0.00,0.00,0.00,0.00
2025-06-26,611.87,581.04,0.0274,14192.40,5.31,1.00,0.00,0.00,0.00,0.00
2025-06-27,614.91,581.38,0.0098,14331.46,5.77,1.00,0.00,0.00,0.00,0.00
2025-06-30,617.85,581.73,0.0194,14609.57,6.21,1.00,0.00,0.00,0.00,0.00
2025-07-01,617.65,582.04,-0.0254,14238.17,6.12,1.00,0.00,0.00,0.00,0.00
2025-07-02,620.45,582.35,0.0199,14521.56,6.54,1.00,0.00,0.00,0.00,0.00
2025-07-03,625.34,582.67,0.0280,14928.16,7.32,1.00,0.00,0.00,0.00,0.00
2025-07-07,620.68,582.95,-0.0223,14595.48,6.47,1.00,0.00,0.00,0.00,0.00
2025-07-08,620.34,583.24,0.0013,14614.85,6.36,1.00,0.00,0.00,0.00,0.00
2025-07-09,624.06,583.55,0.0207,14917.60,6.94,1.00,0.00,0.00,0.00,0.00
2025-07-10,625.82,583.83,-0.0046,14848.95,7.19,1.00,0.00,0.00,0.00,0.00
2025-07-11,623.62,584.10,-0.0076,14736.30,6.77,1.00,0.00,0.00,0.00,0.00
2025-07-14,624.81,584.38,0.0106,14892.96,6.92,1.00,0.00,0.00,0.00,0.00
2025-07-15,622.14,584.63,0.0026,14931.68,6.42,1.00,0.00,0.00,0.00,0.00
2025-07-16,624.22,584.91,0.0028,14973.93,6.72,1.00,0.00,0.00,0.00,0.00
2025-07-17,628.04,585.18,0.0233,15322.44,7.32,1.00,0.00,0.00,0.00,0.00
2025-07-18,627.58,585.46,-0.0034,15269.64,7.19,1.00,0.00,0.00,0.00,0.00
2025-07-21,628.77,585.74,0.0152,15501.98,7.35,1.00,0.00,0.00,0.00,0.00
2025-07-22,628.86,586.04,-0.0156,15260.84,7.31,1.00,0.00,0.00,0.00,0.00
2025-07-23,634.21,586.37,0.0131,15461.50,8.16,1.00,0.00,0.00,0.00,0.00
2025-07-24,634.42,586.70,0.0066,15563.59,8.13,1.00,0.00,0.00,0.00,0.00
2025-07-25,637.10,587.02,0.0057,15651.60,8.53,1.00,0.00,0.00,0.00,0.00
2025-07-28,636.94,587.37,0.0098,15804.74,8.44,1.00,0.00,0.00,0.00,0.00
2025-07-29,635.26,587.68,-0.0046,15732.57,8.10,1.00,0.00,0.00,0.00,0.00
2025-07-30,634.46,587.96,0.0035,15787.13,7.91,1.00,0.00,0.00,0.00,0.00
2025-07-31,632.08,588.24,-0.0165,15526.63,7.45,1.00,0.00,0.00,0.00,0.00
2025-08-01,621.72,588.45,-0.0600,14595.48,5.65,1.00,0.00,0.00,0.00,0.00
2025-08-04,631.17,588.69,0.0548,15394.61,7.22,1.00,0.00,0.00,0.00,0.00
2025-08-05,627.97,588.93,-0.0208,15074.26,6.63,1.00,0.00,0.00,0.00,0.00
2025-08-06,632.78,589.18,0.0374,15637.52,7.40,1.00,0.00,0.00,0.00,0.00
2025-08-07,632.25,589.43,0.0101,15795.93,7.26,1.00,0.00,0.00,0.00,0.00
2025-08-08,637.18,589.69,0.0270,16221.90,8.05,1.00,0.00,0.00,0.00,0.00
2025-08-11,635.92,589.96,-0.0088,16079.32,7.79,1.00,0.00,0.00,0.00,0.00
2025-08-12,642.69,590.25,0.0369,16672.51,8.88,1.00,0.00,0.00,0.00,0.00
2025-08-13,644.89,590.59,0.0015,16697.15,9.19,1.00,0.00,0.00,0.00,0.00
2025-08-14,644.95,590.92,-0.0027,16651.39,9.14,1.00,0.00,0.00,0.00,0.00
2025-08-15,643.44,591.24,-0.0142,16415.52,8.83,1.00,0.00,0.00,0.00,0.00
2025-08-18,643.30,591.55,-0.0013,16394.40,8.75,1.00,0.00,0.00,0.00,0.00
2025-08-19,639.81,591.84,-0.0408,15725.53,8.11,1.00,0.00,0.00,0.00,0.00
2025-08-20,638.11,592.13,-0.0182,15438.62,7.76,1.00,0.00,0.00,0.00,0.00
2025-08-21,635.55,592.47,-0.0139,15223.87,7.27,1.00,0.00,0.00,0.00,0.00
2025-08-22,645.31,592.84,0.0450,15908.59,8.85,1.00,0.00,0.00,0.00,0.00
2025-08-25,642.47,593.20,-0.0087,15769.53,8.31,1.00,0.00,0.00,0.00,0.00
2025-08-26,645.16,593.54,0.0116,15952.59,8.70,1.00,0.00,0.00,0.00,0.00
2025-08-27,646.63,593.82,0.0045,16024.76,8.89,1.00,0.00,0.00,0.00,0.00
2025-08-28,648.92,594.09,0.0182,16316.95,9.23,1.00,0.00,0.00,0.00,0.00
2025-08-29,645.05,594.32,-0.0360,15729.05,8.54,1.00,0.00,0.00,0.00,0.00
2025-09-02,640.27,594.53,-0.0255,15327.72,7.69,1.00,0.00,0.00,0.00,0.00
2025-09-03,643.74,594.76,0.0233,15685.04,8.23,1.00,0.00,0.00,0.00,0.00
2025-09-04,649.12,595.02,0.0270,16109.25,9.09,1.00,0.00,0.00,0.00,0.00
2025-09-05,647.24,595.29,0.0033,16162.05,8.73,1.00,0.00,0.00,0.00,0.00
2025-09-08,648.83,595.61,0.0143,16392.64,8.94,1.00,0.00,0.00,0.00,0.00
2025-09-09,650.33,595.92,0.0082,16526.41,9.13,1.00,0.00,0.00,0.00,0.00
2025-09-10,652.21,596.23,0.0011,16544.01,9.39,1.00,0.00,0.00,0.00,0.00
2025-09-11,657.63,596.56,0.0168,16822.12,10.24,1.00,0.00,0.00,0.00,0.00
2025-09-12,657.41,596.88,-0.0003,16816.49,10.14,0.00,1.00,0.00,0.00,16816.49
2025-09-15,660.91,597.21,0.0053,16906.02,10.67,0.00,1.00,0.00,0.00,16906.02
2025-09-16,660.00,597.52,-0.0014,16882.75,10.46,0.00,1.00,0.00,0.00,16882.75
2025-09-17,659.18,597.81,-0.0012,16861.77,10.26,0.00,1.00,0.00,0.00,16861.77
2025-09-18,662.26,598.13,0.0047,16940.55,10.72,0.00,1.00,0.00,0.00,16940.55
2025-09-19,663.70,598.44,0.0050,17024.46,10.91,0.00,1.00,0.00,0.00,17024.46
2025-09-22,666.84,598.75,0.0047,17105.00,11.37,0.00,1.00,0.00,0.00,17105.00
2025-09-23,663.21,599.05,-0.0054,17011.89,10.71,0.00,1.00,0.00,0.00,17011.89
2025-09-24,661.10,599.32,-0.0032,16957.77,10.31,0.00,1.00,0.00,0.00,16957.77
2025-09-25,658.05,599.57,-0.0046,16879.53,9.75,0.00,1.00,0.00,0.00,16879.53
2025-09-26,661.82,599.84,0.0057,16976.24,10.33,0.00,1.00,0.00,0.00,16976.24
2025-09-29,663.68,600.14,0.0028,17023.95,10.59,0.00,1.00,0.00,0.00,17023.95
2025-09-30,666.18,600.46,0.0038,17088.07,10.95,0.00,1.00,0.00,0.00,17088.07
2025-10-01,668.45,600.76,0.0034,17146.30,11.27,0.00,1.00,0.00,0.00,17146.30
2025-10-02,669.22,601.09,0.0012,17166.05,11.34,0.00,1.00,0.00,0.00,17166.05
2025-10-03,669.21,601.41,-0.0000,17165.80,11.27,0.00,1.00,0.00,0.00,17165.80
2025-10-06,671.61,601.73,0.0036,17227.36,11.61,0.00,1.00,0.00,0.00,17227.36
2025-10-07,669.12,602.06,-0.0037,17163.49,11.14,0.00,1.00,0.00,0.00,17163.49
2025-10-08,673.11,602.49,0.0060,17265.83,11.72,0.00,1.00,0.00,0.00,17265.83
2025-10-09,671.16,602.92,-0.0029,17215.82,11.32,0.00,1.00,0.00,0.00,17215.82
2025-10-10,653.02,603.23,-0.0270,16750.51,8.25,0.00,1.00,0.00,0.00,16750.51
2025-10-13,663.04,603.57,0.0153,17007.53,9.85,0.00,1.00,0.00,0.00,17007.53
2025-10-14,662.23,603.87,-0.0012,16986.75,9.66,0.00,1.00,0.00,0.00,16986.75
2025-10-15,665.17,604.19,0.0044,17062.17,10.09,0.00,1.00,0.00,0.00,17062.17
2025-10-16,660.64,604.52,-0.0068,16945.97,9.28,0.00,1.00,0.00,0.00,16945.97
2025-10-17,664.39,604.90,0.0057,17042.16,9.83,0.00,1.00,0.00,0.00,17042.16
2025-10-20,671.30,605.33,0.0104,17219.41,10.90,0.00,1.00,0.00,0.00,17219.41
2025-10-21,671.29,605.76,-0.0000,17219.15,10.82,0.00,1.00,0.00,0.00,17219.15
2025-10-22,667.80,606.14,-0.0052,17129.63,10.17,0.00,1.00,0.00,0.00,17129.63
2025-10-23,671.76,606.52,0.0059,17231.21,10.76,0.00,1.00,0.00,0.00,17231.21
2025-10-24,677.25,606.97,0.0082,17372.03,11.58,0.00,1.00,0.00,0.00,17372.03
2025-10-27,685.24,607.44,0.0118,17576.98,12.81,0.00,1.00,0.00,0.00,17576.98
2025-10-28,687.06,607.98,0.0027,17623.66,13.01,0.00,1.00,0.00,0.00,17623.66
2025-10-29,687.39,608.51,0.0005,17632.13,12.96,0.00,1.00,0.00,0.00,17632.13
2025-10-30,679.83,609.00,-0.0110,17438.21,11.63,0.00,1.00,0.00,0.00,17438.21
2025-10-31,682.06,609.44,0.0033,17495.41,11.92,0.00,1.00,0.00,0.00,17495.41
2025-11-03,683.34,609.90,0.0019,17528.24,12.04,0.00,1.00,0.00,0.00,17528.24
2025-11-04,675.24,610.29,-0.0119,17320.47,10.64,0.00,1.00,0.00,0.00,17320.47
2025-11-05,677.58,610.66,0.0035,17380.49,10.96,0.00,1.00,0.00,0.00,17380.49
2025-11-06,670.31,610.98,-0.0107,17194.01,9.71,0.00,1.00,0.00,0.00,17194.01
2025-11-07,670.97,611.29,0.0010,17210.94,9.76,0.00,1.00,0.00,0.00,17210.94
2025-11-10,681.44,611.65,0.0156,17479.51,11.41,0.00,1.00,0.00,0.00,17479.51
2025-11-11,683.00,612.07,0.0023,17519.52,11.59,0.00,1.00,0.00,0.00,17519.52
2025-11-12,683.38,612.47,0.0006,17529.27,11.58,0.00,1.00,0.00,0.00,17529.27
2025-11-13,672.04,612.82,-0.0166,17238.39,9.66,0.00,1.00,0.00,0.00,17238.39
2025-11-14,671.93,613.15,-0.0002,17235.57,9.59,0.00,1.00,0.00,0.00,17235.57
2025-11-17,665.67,613.47,-0.0093,17074.99,8.51,0.00,1.00,0.00,0.00,17074.99
2025-11-18,660.08,613.78,-0.0084,16931.61,7.54,0.00,1.00,0.00,0.00,16931.61
2025-11-19,662.63,614.09,0.0039,16997.02,7.90,0.00,1.00,0.00,0.00,16997.02
2025-11-20,652.53,614.33,-0.0152,16737.94,6.22,0.00,1.00,0.00,0.00,16737.94
2025-11-21,659.03,614.59,0.0100,16904.67,7.23,0.00,1.00,0.00,0.00,16904.67
2025-11-24,668.73,614.93,0.0147,17153.48,8.75,0.00,1.00,0.00,0.00,17153.48
2025-11-25,675.02,615.28,0.0094,17314.83,9.71,0.00,1.00,0.00,0.00,17314.83
2025-11-26,679.68,615.65,0.0069,17434.36,10.40,0.00,1.00,0.00,0.00,17434.36
2025-11-28,683.39,616.06,0.0055,17529.53,10.93,0.00,1.00,0.00,0.00,17529.53
2025-12-01,680.27,616.41,-0.0046,17449.50,10.36,0.00,1.00,0.00,0.00,17449.50
2025-12-02,681.53,616.77,0.0019,17481.82,10.50,0.00,1.00,0.00,0.00,17481.82
2025-12-03,683.89,617.13,0.0035,17542.35,10.82,0.00,1.00,0.00,0.00,17542.35
2025-12-04,684.39,617.49,0.0007,17555.18,10.83,0.00,1.00,0.00,0.00,17555.18
2025-12-05,685.69,617.86,0.0019,17588.52,10.98,0.00,1.00,0.00,0.00,17588.52
2025-12-08,683.63,618.28,-0.0030,17535.68,10.57,0.00,1.00,0.00,0.00,17535.68
2025-12-09,683.04,618.71,-0.0009,17520.55,10.40,0.00,1.00,0.00,0.00,17520.55
2025-12-10,687.57,619.18,0.0066,17636.75,11.05,0.00,1.00,0.00,0.00,17636.75
2025-12-11,689.17,619.65,0.0023,17677.79,11.22,0.00,1.00,0.00,0.00,17677.79
2025-12-12,681.76,620.13,-0.0108,17487.71,9.94,0.00,1.00,0.00,0.00,17487.71
2025-12-15,680.73,620.57,-0.0015,17461.29,9.69,0.00,1.00,0.00,0.00,17461.29
2025-12-16,678.87,621.04,-0.0027,17413.58,9.31,0.00,1.00,0.00,0.00,17413.58
2025-12-17,671.40,621.51,-0.0110,17221.97,8.03,0.00,1.00,0.00,0.00,17221.97
2025-12-18,676.47,621.98,0.0076,17352.02,8.76,0.00,1.00,0.00,0.00,17352.02
2025-12-19,680.59,622.52,0.0091,17509.29,9.33,0.00,1.00,0.00,0.00,17509.29
2025-12-22,684.83,623.07,0.0062,17618.37,9.91,0.00,1.00,0.00,0.00,17618.37
2025-12-23,687.96,623.70,0.0046,17698.89,10.30,0.00,1.00,0.00,0.00,17698.89
2025-12-24,690.38,624.37,0.0035,17761.15,10.57,0.00,1.00,0.00,0.00,17761.15
2025-12-26,690.31,625.03,-0.0001,17759.35,10.44,0.00,1.00,0.00,0.00,17759.35
2025-12-29,687.85,625.71,-0.0036,17696.06,9.93,0.00,1.00,0.00,0.00,17696.06
2025-12-30,687.01,626.34,-0.0012,17674.45,9.69,0.00,1.00,0.00,0.00,17674.45
2025-12-31,681.92,626.91,-0.0074,17543.51,8.77,0.00,1.00,0.00,0.00,17543.51
2026-01-02,683.17,627.52,0.0018,17575.66,8.87,0.00,1.00,0.00,0.00,17575.66
2026-01-05,687.72,628.12,0.0067,17692.72,9.49,0.00,1.00,0.00,0.00,17692.72
2026-01-06,691.81,628.75,0.0059,17797.94,10.03,0.00,1.00,0.00,0.00,17797.94
2026-01-07,689.58,629.38,-0.0032,17740.57,9.56,0.00,1.00,0.00,0.00,17740.57
2026-01-08,689.51,629.96,-0.0001,17738.77,9.45,0.00,1.00,0.00,0.00,17738.77
2026-01-09,694.07,630.55,0.0066,17856.08,10.07,0.00,1.00,0.00,0.00,17856.08
2026-01-12,695.16,631.19,0.0016,17884.13,10.14,0.00,1.00,0.00,0.00,17884.13
2026-01-13,693.77,631.82,-0.0020,17848.37,9.81,0.00,1.00,0.00,0.00,17848.37
2026-01-14,690.36,632.49,-0.0049,17760.64,9.15,0.00,1.00,0.00,0.00,17760.64
2026-01-15,692.24,633.16,0.0027,17809.00,9.33,0.00,1.00,0.00,0.00,17809.00
2026-01-16,691.66,633.81,-0.0008,17794.08,9.13,0.00,1.00,0.00,0.00,17794.08
2026-01-20,677.58,634.38,-0.0204,17431.85,6.81,0.00,1.00,0.00,0.00,17431.85
2026-01-21,685.40,635.12,0.0115,17633.03,7.92,0.00,1.00,0.00,0.00,17633.03
2026-01-22,688.98,636.04,0.0052,17725.14,8.32,0.00,1.00,0.00,0.00,17725.14
2026-01-23,689.23,636.96,0.0004,17731.57,8.21,0.00,1.00,0.00,0.00,17731.57
2026-01-26,692.73,637.94,0.0051,17821.61,8.59,0.00,1.00,0.00,0.00,17821.61
2026-01-27,695.49,638.68,0.0040,17892.62,8.90,0.00,1.00,0.00,0.00,17892.62
2026-01-28,695.42,639.53,-0.0001,17890.81,8.74,0.00,1.00,0.00,0.00,17890.81
2026-01-29,694.04,640.33,-0.0020,17855.31,8.39,0.00,1.00,0.00,0.00,17855.31
2026-01-30,691.97,641.10,-0.0030,17802.06,7.94,0.00,1.00,0.00,0.00,17802.06
2026-02-02,695.41,641.89,0.0050,17890.56,8.34,0.00,1.00,0.00,0.00,17890.56
2026-02-03,689.53,642.70,-0.0085,17739.29,7.29,0.00,1.00,0.00,0.00,17739.29
2026-02-04,686.19,643.50,-0.0048,17653.36,6.63,0.00,1.00,0.00,0.00,17653.36
2026-02-05,677.62,644.32,-0.0125,17432.88,5.17,0.00,1.00,0.00,0.00,17432.88
2026-02-06,690.62,645.14,0.0192,17767.33,7.05,0.00,1.00,0.00,0.00,17767.33
2026-02-09,693.95,645.93,0.0048,17853.00,7.43,0.00,1.00,0.00,0.00,17853.00
2026-02-10,692.12,646.66,-0.0026,17805.92,7.03,0.00,1.00,0.00,0.00,17805.92
2026-02-11,691.96,647.37,-0.0002,17801.80,6.89,0.00,1.00,0.00,0.00,17801.80
2026-02-12,681.27,648.02,-0.0154,17526.78,5.13,0.00,1.00,0.00,0.00,17526.78
2026-02-13,681.75,648.65,0.0007,17539.13,5.10,0.00,1.00,0.00,0.00,17539.13
2026-02-17,682.85,649.30,0.0016,17567.43,5.17,0.00,1.00,0.00,0.00,17567.43
2026-02-18,686.29,649.94,0.0050,17655.93,5.59,0.00,1.00,0.00,0.00,17655.93
2026-02-19,684.48,650.52,-0.0026,17609.36,5.22,0.00,1.00,0.00,0.00,17609.36
2026-02-20,689.43,651.15,0.0072,17736.71,5.88,0.00,1.00,0.00,0.00,17736.71
2026-02-23,682.39,651.77,-0.0102,17555.60,4.70,0.00,1.00,0.00,0.00,17555.60
2026-02-24,687.35,652.40,0.0073,17683.20,5.36,0.00,1.00,0.00,0.00,17683.20
2026-02-25,693.15,653.04,0.0084,17832.42,6.14,0.00,1.00,0.00,0.00,17832.42
2026-02-26,689.30,653.67,-0.0056,17733.37,5.45,0.00,1.00,0.00,0.00,17733.37
2026-02-27,685.99,654.18,-0.0048,17648.21,4.86,0.00,1.00,0.00,0.00,17648.21
2026-03-02,686.38,654.68,0.0006,17658.25,4.84,0.00,1.00,0.00,0.00,17658.25
2026-03-03,680.33,655.14,-0.0088,17502.60,3.84,0.00,1.00,0.00,0.00,17502.60
2026-03-04,685.13,655.62,0.0071,17626.09,4.50,0.00,1.00,0.00,0.00,17626.09
2026-03-05,681.31,656.05,-0.0056,17527.81,3.85,0.00,1.00,0.00,0.00,17527.81
2026-03-06,672.38,656.44,-0.0131,17298.07,2.43,0.00,1.00,0.00,0.00,17298.07
2026-03-09,678.27,656.87,0.0088,17449.60,3.26,0.00,1.00,0.00,0.00,17449.60
2026-03-10,677.18,657.34,-0.0016,17421.56,3.02,0.00,1.00,0.00,0.00,17421.56
2026-03-11,676.33,657.81,-0.0013,17399.69,2.82,0.00,1.00,0.00,0.00,17399.69
2026-03-12,666.06,658.24,-0.0152,17135.48,1.19,0.00,1.00,0.00,0.00,17135.48
2026-03-13,662.29,658.60,-0.0057,17038.49,0.56,0.00,1.00,0.00,0.00,17038.49
2026-03-16,669.03,659.00,0.0102,17211.89,1.52,0.00,1.00,0.00,0.00,17211.89
2026-03-17,670.79,659.41,0.0026,17257.17,1.73,0.00,1.00,0.00,0.00,17257.17
2026-03-18,661.43,659.77,-0.0140,17016.37,0.25,0.00,1.00,0.00,0.00,17016.37
2026-03-19,659.80,660.10,-0.0025,16974.43,-0.05,0.00,1.00,0.00,0.00,16974.43
2026-03-20,648.57,660.36,-0.0143,16731.09,-1.79,0.00,1.00,0.00,0.00,16731.09
2026-03-23,655.38,660.66,0.0105,16906.77,-0.80,0.00,1.00,0.00,0.00,16906.77
2026-03-24,653.18,660.96,-0.0034,16850.01,-1.18,0.00,1.00,0.00,0.00,16850.01
2026-03-25,656.82,661.25,0.0056,16943.92,-0.67,0.00,1.00,0.00,0.00,16943.92
2026-03-26,645.09,661.48,-0.0179,16641.32,-2.48,0.00,1.00,0.00,0.00,16641.32
2026-03-27,634.09,661.63,-0.0171,16357.55,-4.16,0.00,1.00,0.00,0.00,16357.55
2026-03-30,631.97,661.79,-0.0033,16302.86,-4.51,0.00,1.00,0.00,0.00,16302.86
2026-03-31,650.34,662.02,0.0291,16776.75,-1.76,0.00,1.00,0.00,0.00,16776.75
2026-04-01,655.24,662.31,0.0075,16903.16,-1.07,0.00,1.00,0.00,0.00,16903.16
2026-04-02,655.83,662.58,0.0009,16918.38,-1.02,0.00,1.00,0.00,0.00,16918.38
2026-04-06,658.93,662.88,0.0047,16998.35,-0.60,0.00,1.00,0.00,0.00,16998.35
2026-04-07,659.22,663.19,0.0004,17005.83,-0.60,0.00,1.00,0.00,0.00,17005.83
2026-04-08,676.01,663.60,0.0255,17438.96,1.87,0.00,1.00,0.00,0.00,17438.96
2026-04-09,679.91,664.00,0.0200,17787.74,2.40,1.00,0.00,0.00,0.00,0.00
2026-04-10,679.46,664.36,0.0043,17864.03,2.27,1.00,0.00,0.00,0.00,0.00
2026-04-13,686.10,664.76,0.0303,18405.37,3.21,1.00,0.00,0.00,0.00,0.00
2026-04-14,694.46,665.17,0.0543,19404.47,4.40,1.00,0.00,0.00,0.00,0.00
2026-04-15,699.94,665.60,0.0419,20218.29,5.16,1.00,0.00,0.00,0.00,0.00
2026-04-16,701.66,666.01,0.0140,20501.67,5.35,1.00,0.00,0.00,0.00,0.00
2026-04-17,710.14,666.48,0.0383,21286.43,6.55,1.00,0.00,0.00,0.00,0.00
2026-04-20,708.72,666.92,-0.0087,21101.14,6.27,1.00,0.00,0.00,0.00,0.00
2026-04-21,704.08,667.31,-0.0117,20854.09,5.51,1.00,0.00,0.00,0.00,0.00
2026-04-22,711.21,667.76,0.0490,21874.99,6.51,1.00,0.00,0.00,0.00,0.00
2026-04-23,708.45,668.21,-0.0164,21515.31,6.02,1.00,0.00,0.00,0.00,0.00
2026-04-24,713.94,668.65,0.0564,22728.78,6.77,1.00,0.00,0.00,0.00,0.00
2026-04-27,715.17,669.10,0.0013,22757.84,6.89,1.00,0.00,0.00,0.00,0.00
2026-04-28,711.69,669.54,-0.0303,22067.55,6.30,1.00,0.00,0.00,0.00,0.00
2026-04-29,711.58,669.98,0.0184,22474.46,6.21,1.00,0.00,0.00,0.00,0.00
2026-04-30,718.66,670.46,0.0272,23084.82,7.19,1.00,0.00,0.00,0.00,0.00
2026-05-01,720.65,670.94,0.0277,23724.25,7.41,1.00,0.00,0.00,0.00,0.00
2026-05-04,718.01,671.39,-0.0060,23582.56,6.94,1.00,0.00,0.00,0.00,0.00
2026-05-05,723.77,671.87,0.0382,24483.57,7.72,1.00,0.00,0.00,0.00,0.00
2026-05-06,733.83,672.40,0.0620,26002.21,9.14,1.00,0.00,0.00,0.00,0.00
2026-05-07,731.58,672.91,-0.0032,25918.65,8.72,1.00,0.00,0.00,0.00,0.00
2026-05-08,737.62,673.43,0.0692,27713.41,9.53,1.00,0.00,0.00,0.00,0.00
2026-05-11,739.30,673.95,0.0089,27960.46,9.70,1.00,0.00,0.00,0.00,0.00
2026-05-12,738.18,674.46,-0.0260,27233.84,9.45,1.00,0.00,0.00,0.00,0.00
