Ticker,Weight
NVDA,7.815030
AAPL,6.585346
MSFT,4.976637
AMZN,4.306109
GOOGL,3.615315
AVGO,3.199621
GOOG,2.877353
META,2.163669
TSLA,1.789080
BRK-B,1.392412
JPM,1.344361
LLY,1.243128
MU,1.051231
XOM,1.040958
WMT,0.925998
AMD,0.902698
V,0.890604
JNJ,0.875717
COST,0.728777
INTC,0.728651
MA,0.666312
CAT,0.659823
NFLX,0.622926
ABBV,0.596348
CSCO,0.593204
CVX,0.584240
BAC,0.561374
UNH,0.543916
PLTR,0.540319
PG,0.539868
LRCX,0.522969
HD,0.503757
AMAT,0.503146
ORCL,0.495340
KO,0.490280
GE,0.476529
GEV,0.468805
MRK,0.455108
GS,0.438720
PM,0.426544
TXN,0.410691
WFC,0.396570
RTX,0.375883
LIN,0.373247
MS,0.366281
KLAC,0.363633
C,0.355500
IBM,0.347394
PEP,0.342134
MCD,0.327647
VZ,0.324856
NEE,0.322098
ADI,0.314089
SNDK,0.300981
T,0.295878
QCOM,0.290869
DIS,0.290607
ANET,0.288586
AMGN,0.282381
BA,0.281796
TMO,0.281434
CRM,0.281424
APH,0.280881
TJX,0.278059
AXP,0.276805
GILD,0.266570
ETN,0.266174
STX,0.261533
ISRG,0.260180
UNP,0.253533
SCHW,0.247898
COP,0.247782
ABT,0.246489
UBER,0.246358
BLK,0.245817
WELL,0.245489
WDC,0.242744
PFE,0.242654
PANW,0.241642
DE,0.236451
BKNG,0.216387
HON,0.215433
SPGI,0.210414
PLD,0.208807
APP,0.208761
VRT,0.205151
LOW,0.203537
GLW,0.202690
MO,0.199987
SBUX,0.193561
COF,0.192172
CRWD,0.191877
NEM,0.191755
CB,0.191437
PGR,0.189484
BMY,0.189463
INTU,0.183348
PWR,0.183314
ACN,0.179416
DHR,0.177485
VRTX,0.177263
PH,0.177255
TT,0.174274
EQIX,0.172353
SO,0.171072
LMT,0.169848
CME,0.169445
CVS,0.168974
ADBE,0.168735
MDT,0.162486
SYK,0.162366
CEG,0.161914
DUK,0.160709
MCK,0.160148
CMCSA,0.157222
NOW,0.155866
HWM,0.155529
CDNS,0.154333
SNPS,0.154204
BX,0.149311
TMUS,0.149093
WMB,0.149030
CMI,0.146918
BK,0.146854
GD,0.143850
ICE,0.143767
JCI,0.143434
PNC,0.142692
USB,0.139325
ADP,0.137680
WM,0.137295
AMT,0.137271
BSX,0.136677
CSX,0.135020
SLB,0.134896
ELV,0.132752
MRSH,0.131511
FCX,0.129703
ORLY,0.128012
MDLZ,0.127288
FDX,0.125228
EOG,0.124332
VLO,0.124178
MPWR,0.124122
MAR,0.123554
EMR,0.123481
CIEN,0.122672
NOC,0.122438
CRH,0.120700
MMM,0.120625
MPC,0.120528
CI,0.119055
NXPI,0.118573
ROST,0.118256
AEP,0.118012
MSI,0.117270
PSX,0.116589
SHW,0.116338
REGN,0.116176
UPS,0.115494
HLT,0.115486
KKR,0.115273
NSC,0.113674
LITE,0.112978
MCO,0.112103
CL,0.111840
GM,0.110694
BKR,0.110203
AON,0.109280
WBD,0.108470
HCA,0.108191
FIX,0.108054
APD,0.107937
ITW,0.106774
SPG,0.105993
ECL,0.105623
RCL,0.105598
TRV,0.105470
TDG,0.105157
DASH,0.104839
DLR,0.104181
KMI,0.103199
DELL,0.101672
TFC,0.101011
COHR,0.100209
SRE,0.099962
HOOD,0.097853
APO,0.097491
PCAR,0.097470
KEYS,0.097434
TEL,0.097420
COR,0.095692
ABNB,0.095106
O,0.094863
URI,0.094241
LHX,0.093668
TGT,0.093530
AZO,0.093409
ALL,0.092427
OKE,0.092372
CTAS,0.091753
FTNT,0.091684
TRGP,0.090031
CTVA,0.088827
D,0.087138
MNST,0.087104
CVNA,0.086553
AJG,0.086283
AME,0.086220
TER,0.085895
AFL,0.085533
ETR,0.085309
ADSK,0.084845
MCHP,0.083837
FAST,0.083716
CARR,0.083682
NUE,0.083678
VST,0.083271
NKE,0.083100
GWW,0.081197
EBAY,0.080321
EW,0.078594
DDOG,0.078223
XEL,0.078000
EXC,0.077249
ZTS,0.076897
PSA,0.075790
CAH,0.074969
PYPL,0.074963
EA,0.073828
COIN,0.073185
ROK,0.073132
F,0.073055
IDXX,0.072811
WAB,0.072644
DAL,0.072196
FITB,0.072119
-,0.070740
MET,0.070208
OXY,0.070172
YUM,0.069615
MSCI,0.069147
AMP,0.069123
VTR,0.067558
RSG,0.067552
BDX,0.067340
CMG,0.067314
AIG,0.067241
FANG,0.067214
STT,0.067213
NDAQ,0.066241
EME,0.066162
CBRE,0.065747
PEG,0.065110
ON,0.064837
ED,0.064241
XYZ,0.064207
CCI,0.063672
KDP,0.063578
KR,0.063563
GRMN,0.063455
TTWO,0.063446
DHI,0.062475
VMC,0.061642
HPE,0.061582
WEC,0.061554
IRM,0.061310
ROP,0.061177
HIG,0.060604
EQT,0.059876
ADM,0.059357
MLM,0.059097
IBKR,0.059083
JBL,0.058065
PCG,0.057868
CBOE,0.057382
ODFL,0.057252
HAL,0.056778
SYY,0.056242
FISV,0.054908
PRU,0.054868
ACGL,0.054061
NRG,0.053381
KVUE,0.053336
HBAN,0.053335
MTB,0.052468
A,0.051768
KMB,0.051569
DVN,0.051330
STLD,0.051278
CASY,0.050680
AEE,0.050335
ATO,0.050329
AXON,0.050255
RMD,0.049480
DTE,0.049289
PAYX,0.048680
VICI,0.048505
NTRS,0.048465
TDY,0.048378
Q,0.048207
DOV,0.048067
OTIS,0.048058
EXR,0.048053
CPRT,0.048010
CCL,0.047836
WAT,0.047798
UAL,0.047359
DOW,0.047058
EXPE,0.046881
HUM,0.046483
CNP,0.045743
TPR,0.045670
XYL,0.045285
GEHC,0.045243
PPL,0.045231
RJF,0.044922
BIIB,0.044688
IQV,0.044438
HUBB,0.044359
CTRA,0.044226
WDAY,0.043968
HSY,0.043646
CFG,0.043567
IR,0.043411
EIX,0.043217
ES,0.042109
AVB,0.041935
MTD,0.041854
SYF,0.041442
FICO,0.040848
DG,0.040760
TPL,0.040632
VRSK,0.040560
LYV,0.040518
CNC,0.040511
CINF,0.040466
AWK,0.040230
ARES,0.040057
CTSH,0.040035
WTW,0.039889
FIS,0.039791
FE,0.039324
EXE,0.038955
RF,0.038706
OMC,0.038700
PPG,0.037771
SBAC,0.037736
CMS,0.037577
DXCM,0.037282
NI,0.037117
ULTA,0.037069
TROW,0.036762
FSLR,0.036651
VRSN,0.036457
ALB,0.036266
EQR,0.036147
VLTO,0.035738
PHM,0.035678
DRI,0.035670
CHD,0.035452
NTAP,0.035408
CPAY,0.035343
WST,0.035101
LH,0.034155
DGX,0.033957
STZ,0.033944
STE,0.033861
WSM,0.033805
EFX,0.033431
KEY,0.032754
EL,0.032376
SW,0.032181
CF,0.031916
WRB,0.031837
LYB,0.031824
PFG,0.031686
TSN,0.031622
PKG,0.031469
SNA,0.031365
CHRW,0.031063
KHC,0.031009
LDOS,0.030978
EVRG,0.030797
HPQ,0.030738
LNT,0.030549
EXPD,0.030434
LUV,0.030363
FTV,0.030315
FFIV,0.030015
DD,0.029922
GIS,0.029888
LEN,0.029580
BR,0.029258
JBHT,0.029117
L,0.028992
IFF,0.028968
CDW,0.028785
VTRS,0.028550
BG,0.028076
DLTR,0.028027
TSCO,0.027808
AMCR,0.027684
GPN,0.027628
WY,0.027535
ESS,0.027460
BRO,0.027417
PTC,0.026864
NVR,0.026815
MRNA,0.026650
ZBH,0.026626
IP,0.026619
LII,0.026545
BALL,0.026539
TRMB,0.026353
SATS,0.026244
INCY,0.026137
INVH,0.026108
IEX,0.026074
KIM,0.025734
ROL,0.025686
LVS,0.025491
TXT,0.025478
J,0.025209
MAA,0.024622
AKAM,0.024559
CSGP,0.024408
NDSN,0.024263
APA,0.024219
GNRC,0.024206
GPC,0.023254
HII,0.023006
CHTR,0.022929
TYL,0.022886
EG,0.022732
SMCI,0.022724
LULU,0.022611
MAS,0.022388
DECK,0.022298
RL,0.022184
HST,0.021594
REG,0.021116
PNR,0.020500
APTV,0.020369
HAS,0.020233
AVY,0.020159
FOXA,0.020087
TKO,0.020041
PNW,0.019940
MKC,0.019758
GL,0.019534
PODD,0.019524
GDDY,0.019391
COO,0.019380
SWK,0.018924
AIZ,0.018800
IVZ,0.018683
ALGN,0.018625
ALLE,0.018520
BBY,0.018301
DOC,0.018210
JKHY,0.017941
UDR,0.017919
GEN,0.017828
ZBRA,0.017648
CPT,0.017487
TTD,0.017246
SWKS,0.016997
CLX,0.016981
SJM,0.016933
DPZ,0.016716
IT,0.016697
AES,0.016669
SOLV,0.016233
RVTY,0.015783
NWSA,0.015697
BEN,0.015045
UHS,0.014745
FRT,0.014578
WYNN,0.014135
BXP,0.013979
BAX,0.013927
CRL,0.013883
TECH,0.013863
FDS,0.013664
BLDR,0.013370
NCLH,0.012843
FOX,0.012668
MOS,0.011877
HSIC,0.011714
MGM,0.011707
TAP,0.011038
CAG,0.010828
POOL,0.010801
AOS,0.010763
ARE,0.010380
EPAM,0.009914
HRL,0.009858
ERIE,0.008632
DVA,0.008149
BF-B,0.006893
CPB,0.006595
NWS,0.005876
PSKY,0.005647