,0,1,2,3,4
OrdinarySharesNumber,12116000000.0,12088000000.0,12077000000.0,12104000000.0,12155000000.0
ShareIssued,12116000000.0,12088000000.0,12077000000.0,12104000000.0,12155000000.0
NetDebt,39438000000.0,15839000000.0,,2571000000.0,
TotalDebt,90484000000.0,59291000000.0,33713000000.0,35559000000.0,23564000000.0
TangibleBookValue,411528000000.0,381885000000.0,353598000000.0,330581000000.0,313094000000.0
InvestedCapital,556247000000.0,461812000000.0,408474000000.0,386523000000.0,357153000000.0
WorkingCapital,102565000000.0,103293000000.0,74397000000.0,78906000000.0,70398000000.0
NetTangibleAssets,411528000000.0,381885000000.0,353598000000.0,330581000000.0,313094000000.0
CapitalLeaseObligations,12983000000.0,12744000000.0,12106000000.0,11952000000.0,11678000000.0
CommonStockEquity,478746000000.0,415265000000.0,386867000000.0,362916000000.0,345267000000.0
TotalCapitalization,556247000000.0,461812000000.0,408474000000.0,386523000000.0,356153000000.0
TotalEquityGrossMinorityInterest,478746000000.0,415265000000.0,386867000000.0,362916000000.0,345267000000.0
StockholdersEquity,478746000000.0,415265000000.0,386867000000.0,362916000000.0,345267000000.0
GainsLossesNotAffectingRetainedEarnings,-2180000000.0,-1916000000.0,-2054000000.0,-2127000000.0,-4086000000.0
OtherEquityAdjustments,-2180000000.0,-1916000000.0,-2054000000.0,-2127000000.0,-4086000000.0
RetainedEarnings,384024000000.0,324055000000.0,297226000000.0,275760000000.0,262628000000.0
CapitalStock,96902000000.0,93126000000.0,91695000000.0,89283000000.0,86725000000.0
CommonStock,96902000000.0,93126000000.0,91695000000.0,89283000000.0,86725000000.0
PreferredStock,0.0,0.0,0.0,0.0,0.0
TotalLiabilitiesNetMinorityInterest,225173000000.0,180016000000.0,149602000000.0,139137000000.0,130107000000.0
TotalNonCurrentLiabilitiesNetMinorityInterest,113985000000.0,77271000000.0,50052000000.0,51827000000.0,38453000000.0
OtherNonCurrentLiabilities,11044000000.0,8449000000.0,6267000000.0,6241000000.0,6116000000.0
TradeandOtherPayablesNonCurrent,12457000000.0,9531000000.0,10072000000.0,10027000000.0,9773000000.0
NonCurrentDeferredLiabilities,,,,,
NonCurrentDeferredRevenue,,,,,
NonCurrentDeferredTaxesLiabilities,,,,,
LongTermDebtAndCapitalLeaseObligation,90484000000.0,59291000000.0,33713000000.0,35559000000.0,22564000000.0
LongTermCapitalLeaseObligation,12983000000.0,12744000000.0,12106000000.0,11952000000.0,11678000000.0
LongTermDebt,77501000000.0,46547000000.0,21607000000.0,23607000000.0,10886000000.0
CurrentLiabilities,111188000000.0,102745000000.0,99550000000.0,87310000000.0,91654000000.0
OtherCurrentLiabilities,,,10564000000.0,7099000000.0,6534000000.0
CurrentDeferredLiabilities,7162000000.0,6578000000.0,5542000000.0,4969000000.0,4908000000.0
CurrentDeferredRevenue,7162000000.0,6578000000.0,5542000000.0,4969000000.0,4908000000.0
CurrentDebtAndCapitalLeaseObligation,,,,,1000000000.0
CurrentCapitalLeaseObligation,,,,,
CurrentDebt,,,,,1000000000.0
OtherCurrentBorrowings,,,,,1000000000.0
PensionandOtherPostRetirementBenefitPlansCurrent,13947000000.0,17546000000.0,13944000000.0,12168000000.0,9984000000.0
PayablesAndAccruedExpenses,90079000000.0,78621000000.0,69500000000.0,63074000000.0,69228000000.0
CurrentAccruedExpenses,68691000000.0,64948000000.0,54399000000.0,50829000000.0,46682000000.0
Payables,21388000000.0,13673000000.0,15101000000.0,12245000000.0,22546000000.0
OtherPayable,631000000.0,950000000.0,4004000000.0,3112000000.0,4889000000.0
TotalTaxPayable,3905000000.0,523000000.0,551000000.0,786000000.0,9160000000.0
IncomeTaxPayable,3905000000.0,523000000.0,551000000.0,786000000.0,9160000000.0
AccountsPayable,16852000000.0,12200000000.0,10546000000.0,8347000000.0,8497000000.0
TotalAssets,703919000000.0,595281000000.0,536469000000.0,502053000000.0,475374000000.0
TotalNonCurrentAssets,490166000000.0,389243000000.0,362522000000.0,335837000000.0,313322000000.0
OtherNonCurrentAssets,17478000000.0,16245000000.0,16811000000.0,14153000000.0,12950000000.0
NonCurrentDeferredAssets,1995000000.0,9113000000.0,10331000000.0,19289000000.0,18386000000.0
NonCurrentDeferredTaxesAssets,1995000000.0,9113000000.0,10331000000.0,19289000000.0,18386000000.0
InvestmentsAndAdvances,106946000000.0,68687000000.0,63800000000.0,52574000000.0,51029000000.0
InvestmentinFinancialAssets,106946000000.0,68687000000.0,63800000000.0,52574000000.0,51029000000.0
AvailableForSaleSecurities,106946000000.0,68687000000.0,63800000000.0,52574000000.0,51029000000.0
GoodwillAndOtherIntangibleAssets,67218000000.0,33380000000.0,33269000000.0,32335000000.0,32173000000.0
OtherIntangibleAssets,9444000000.0,,,,
Goodwill,57774000000.0,33380000000.0,33269000000.0,32335000000.0,32173000000.0
NetPPE,296529000000.0,261818000000.0,238311000000.0,217486000000.0,198784000000.0
AccumulatedDepreciation,-100180000000.0,-98485000000.0,-93950000000.0,-89349000000.0,-83778000000.0
GrossPPE,396709000000.0,360303000000.0,332261000000.0,306835000000.0,282562000000.0
Leases,,,,,
ConstructionInProgress,,,,,
OtherProperties,347937000000.0,311955000000.0,286546000000.0,261342000000.0,237691000000.0
MachineryFurnitureEquipment,,,,,
BuildingsAndImprovements,48772000000.0,48348000000.0,45715000000.0,45493000000.0,44871000000.0
LandAndImprovements,,,,,
Properties,0.0,0.0,0.0,0.0,0.0
CurrentAssets,213753000000.0,206038000000.0,173947000000.0,166216000000.0,162052000000.0
OtherCurrentAssets,23914000000.0,16309000000.0,18303000000.0,16020000000.0,15724000000.0
Receivables,62999000000.0,62886000000.0,57148000000.0,55048000000.0,51000000000.0
AccountsReceivable,62999000000.0,62886000000.0,57148000000.0,55048000000.0,51000000000.0
AllowanceForDoubtfulAccountsReceivable,-962000000.0,-924000000.0,-918000000.0,-878000000.0,-915000000.0
GrossAccountsReceivable,63961000000.0,63810000000.0,58066000000.0,55926000000.0,51915000000.0
CashCashEquivalentsAndShortTermInvestments,126840000000.0,126843000000.0,98496000000.0,95148000000.0,95328000000.0
OtherShortTermInvestments,88777000000.0,96135000000.0,75406000000.0,74112000000.0,72064000000.0
CashAndCashEquivalents,38063000000.0,30708000000.0,23090000000.0,21036000000.0,23264000000.0
CashEquivalents,22655000000.0,,11040000000.0,9413000000.0,13319000000.0
CashFinancial,15408000000.0,,12050000000.0,11623000000.0,9945000000.0
asOfDate,2026-03-31,2025-12-31,2025-09-30,2025-06-30,2025-03-31
